[   39098ms] [ERROR] Refused to get unsafe header "X-Sg-Cs" @ https://www.google.com/search?q=Supabase&oq=Supabase+&gs_lcrp=EgZjaHJvbWUyBggAEEUYOTIGCAEQRRg8MgYIAhBFGDwyBggDEEUYPDIGCAQQRRg8MgYIBRBFGDzSAQg1OTVqMGoxNagCArACAQ&sourceid=chrome&ie=UTF-8&source=chrome.rb:49
[   39098ms] [ERROR] Refused to get unsafe header "X-Sorry-Redirect" @ https://www.google.com/search?q=Supabase&oq=Supabase+&gs_lcrp=EgZjaHJvbWUyBggAEEUYOTIGCAEQRRg8MgYIAhBFGDwyBggDEEUYPDIGCAQQRRg8MgYIBRBFGDzSAQg1OTVqMGoxNagCArACAQ&sourceid=chrome&ie=UTF-8&source=chrome.rb:49
[   39106ms] [ERROR] Refused to get unsafe header "X-Sg-Cs" @ https://www.google.com/search?q=Supabase&oq=Supabase+&gs_lcrp=EgZjaHJvbWUyBggAEEUYOTIGCAEQRRg8MgYIAhBFGDwyBggDEEUYPDIGCAQQRRg8MgYIBRBFGDzSAQg1OTVqMGoxNagCArACAQ&sourceid=chrome&ie=UTF-8&source=chrome.rb:49
[   39106ms] [ERROR] Refused to get unsafe header "X-Sorry-Redirect" @ https://www.google.com/search?q=Supabase&oq=Supabase+&gs_lcrp=EgZjaHJvbWUyBggAEEUYOTIGCAEQRRg8MgYIAhBFGDwyBggDEEUYPDIGCAQQRRg8MgYIBRBFGDzSAQg1OTVqMGoxNagCArACAQ&sourceid=chrome&ie=UTF-8&source=chrome.rb:49
[   40399ms] [ERROR] Refused to get unsafe header "X-Sg-Cs" @ https://www.google.com/search?q=Supabase&oq=Supabase+&gs_lcrp=EgZjaHJvbWUyBggAEEUYOTIGCAEQRRg8MgYIAhBFGDwyBggDEEUYPDIGCAQQRRg8MgYIBRBFGDzSAQg1OTVqMGoxNagCArACAQ&sourceid=chrome&ie=UTF-8&source=chrome.rb:49
[   40399ms] [ERROR] Refused to get unsafe header "X-Sorry-Redirect" @ https://www.google.com/search?q=Supabase&oq=Supabase+&gs_lcrp=EgZjaHJvbWUyBggAEEUYOTIGCAEQRRg8MgYIAhBFGDwyBggDEEUYPDIGCAQQRRg8MgYIBRBFGDzSAQg1OTVqMGoxNagCArACAQ&sourceid=chrome&ie=UTF-8&source=chrome.rb:49
[   40826ms] [WARNING] Failed to execute 'postMessage' on 'DOMWindow': The target origin provided ('https://www.youtube.com') does not match the recipient window's origin ('https://www.google.com'). @ https://www.youtube.com/s/player/9fc68080/www-widgetapi.vflset/www-widgetapi.js:209
[   41069ms] [WARNING] Failed to execute 'postMessage' on 'DOMWindow': The target origin provided ('https://www.youtube.com') does not match the recipient window's origin ('https://www.google.com'). @ https://www.youtube.com/s/player/9fc68080/www-widgetapi.vflset/www-widgetapi.js:209
[   41332ms] [WARNING] Failed to execute 'postMessage' on 'DOMWindow': The target origin provided ('https://www.youtube.com') does not match the recipient window's origin ('https://www.google.com'). @ https://www.youtube.com/s/player/9fc68080/www-widgetapi.vflset/www-widgetapi.js:209
[   45406ms] [WARNING] ConfigCat - WARN - [3003] Cannot evaluate condition (User.cloud_provider EQUALS '<hashed value>') for setting 'enableSmartRegion' (the User.cloud_provider attribute is missing). You should set the User.cloud_provider attribute in order to make targeting work properly. Read more: https://configcat.com/docs/advanced/user-object/ @ https://frontend-assets.supabase.com/www/87408ed9d952/_next/static/chunks/pages/_app-250790af83c79bd1.js?dpl=dpl_61adDxJ8pddcvqKzzieMW5AkggzA:5
[   45407ms] [WARNING] ConfigCat - WARN - [3003] Cannot evaluate condition (User.plan IS ONE OF ['pro', 'team', 'enterprise']) for setting 'observabilityOverview' (the User.plan attribute is missing). You should set the User.plan attribute in order to make targeting work properly. Read more: https://configcat.com/docs/advanced/user-object/ @ https://frontend-assets.supabase.com/www/87408ed9d952/_next/static/chunks/pages/_app-250790af83c79bd1.js?dpl=dpl_61adDxJ8pddcvqKzzieMW5AkggzA:5
[   45407ms] [WARNING] ConfigCat - WARN - [3003] Cannot evaluate condition (User.plan IS ONE OF ['team']) for setting 'unifiedLogs' (the User.plan attribute is missing). You should set the User.plan attribute in order to make targeting work properly. Read more: https://configcat.com/docs/advanced/user-object/ @ https://frontend-assets.supabase.com/www/87408ed9d952/_next/static/chunks/pages/_app-250790af83c79bd1.js?dpl=dpl_61adDxJ8pddcvqKzzieMW5AkggzA:5
[   45408ms] [WARNING] ConfigCat - WARN - [3003] Cannot evaluate condition (User.plan IS ONE OF ['enterprise']) for setting 'unifiedLogs' (the User.plan attribute is missing). You should set the User.plan attribute in order to make targeting work properly. Read more: https://configcat.com/docs/advanced/user-object/ @ https://frontend-assets.supabase.com/www/87408ed9d952/_next/static/chunks/pages/_app-250790af83c79bd1.js?dpl=dpl_61adDxJ8pddcvqKzzieMW5AkggzA:5
[   45408ms] [WARNING] ConfigCat - WARN - [3003] Cannot evaluate condition (User.plan IS ONE OF ['pro']) for setting 'unifiedLogs' (the User.plan attribute is missing). You should set the User.plan attribute in order to make targeting work properly. Read more: https://configcat.com/docs/advanced/user-object/ @ https://frontend-assets.supabase.com/www/87408ed9d952/_next/static/chunks/pages/_app-250790af83c79bd1.js?dpl=dpl_61adDxJ8pddcvqKzzieMW5AkggzA:5
[   46258ms] [WARNING] ConfigCat - WARN - [3003] Cannot evaluate condition (User.cloud_provider EQUALS '<hashed value>') for setting 'enableSmartRegion' (the User.cloud_provider attribute is missing). You should set the User.cloud_provider attribute in order to make targeting work properly. Read more: https://configcat.com/docs/advanced/user-object/ @ https://frontend-assets.supabase.com/www/87408ed9d952/_next/static/chunks/pages/_app-250790af83c79bd1.js?dpl=dpl_61adDxJ8pddcvqKzzieMW5AkggzA:5
[   46259ms] [WARNING] ConfigCat - WARN - [3003] Cannot evaluate condition (User.plan IS ONE OF ['pro', 'team', 'enterprise']) for setting 'observabilityOverview' (the User.plan attribute is missing). You should set the User.plan attribute in order to make targeting work properly. Read more: https://configcat.com/docs/advanced/user-object/ @ https://frontend-assets.supabase.com/www/87408ed9d952/_next/static/chunks/pages/_app-250790af83c79bd1.js?dpl=dpl_61adDxJ8pddcvqKzzieMW5AkggzA:5
[   46260ms] [WARNING] ConfigCat - WARN - [3003] Cannot evaluate condition (User.plan IS ONE OF ['team']) for setting 'unifiedLogs' (the User.plan attribute is missing). You should set the User.plan attribute in order to make targeting work properly. Read more: https://configcat.com/docs/advanced/user-object/ @ https://frontend-assets.supabase.com/www/87408ed9d952/_next/static/chunks/pages/_app-250790af83c79bd1.js?dpl=dpl_61adDxJ8pddcvqKzzieMW5AkggzA:5
[   46260ms] [WARNING] ConfigCat - WARN - [3003] Cannot evaluate condition (User.plan IS ONE OF ['enterprise']) for setting 'unifiedLogs' (the User.plan attribute is missing). You should set the User.plan attribute in order to make targeting work properly. Read more: https://configcat.com/docs/advanced/user-object/ @ https://frontend-assets.supabase.com/www/87408ed9d952/_next/static/chunks/pages/_app-250790af83c79bd1.js?dpl=dpl_61adDxJ8pddcvqKzzieMW5AkggzA:5
[   46260ms] [WARNING] ConfigCat - WARN - [3003] Cannot evaluate condition (User.plan IS ONE OF ['pro']) for setting 'unifiedLogs' (the User.plan attribute is missing). You should set the User.plan attribute in order to make targeting work properly. Read more: https://configcat.com/docs/advanced/user-object/ @ https://frontend-assets.supabase.com/www/87408ed9d952/_next/static/chunks/pages/_app-250790af83c79bd1.js?dpl=dpl_61adDxJ8pddcvqKzzieMW5AkggzA:5
[   51670ms] [WARNING] ConfigCat - WARN - [3003] Cannot evaluate condition (User.plan IS ONE OF ['pro', 'team', 'enterprise']) for setting 'observabilityOverview' (the User.plan attribute is missing). You should set the User.plan attribute in order to make targeting work properly. Read more: https://configcat.com/docs/advanced/user-object/ @ https://frontend-assets.supabase.com/studio/7bd061a67016/_next/static/chunks/0s851pjktpv32.js?dpl=dpl_9hVx9omuy9RfeTo5kHjRUi1aNuPQ:12
[   51670ms] [WARNING] ConfigCat - WARN - [3003] Cannot evaluate condition (User.plan IS ONE OF ['team']) for setting 'unifiedLogs' (the User.plan attribute is missing). You should set the User.plan attribute in order to make targeting work properly. Read more: https://configcat.com/docs/advanced/user-object/ @ https://frontend-assets.supabase.com/studio/7bd061a67016/_next/static/chunks/0s851pjktpv32.js?dpl=dpl_9hVx9omuy9RfeTo5kHjRUi1aNuPQ:12
[   51670ms] [WARNING] ConfigCat - WARN - [3003] Cannot evaluate condition (User.plan IS ONE OF ['enterprise']) for setting 'unifiedLogs' (the User.plan attribute is missing). You should set the User.plan attribute in order to make targeting work properly. Read more: https://configcat.com/docs/advanced/user-object/ @ https://frontend-assets.supabase.com/studio/7bd061a67016/_next/static/chunks/0s851pjktpv32.js?dpl=dpl_9hVx9omuy9RfeTo5kHjRUi1aNuPQ:12
[   51671ms] [WARNING] ConfigCat - WARN - [3003] Cannot evaluate condition (User.plan IS ONE OF ['pro']) for setting 'unifiedLogs' (the User.plan attribute is missing). You should set the User.plan attribute in order to make targeting work properly. Read more: https://configcat.com/docs/advanced/user-object/ @ https://frontend-assets.supabase.com/studio/7bd061a67016/_next/static/chunks/0s851pjktpv32.js?dpl=dpl_9hVx9omuy9RfeTo5kHjRUi1aNuPQ:12
[   51965ms] [LOG] Supabase Studio is running commit 7bd061a67016bb3dd7f5acbd8b6d6f18a8d06970 deployed at 2026-05-29 02:24:08 +08:00. @ https://frontend-assets.supabase.com/studio/7bd061a67016/_next/static/chunks/0s851pjktpv32.js?dpl=dpl_9hVx9omuy9RfeTo5kHjRUi1aNuPQ:12
[   52307ms] [ERROR] Failed to load resource: net::ERR_CONNECTION_CLOSED @ https://o398706.ingest.us.sentry.io/api/5459134/envelope/?sentry_version=7&sentry_key=caa7db5fc1da4341810a6d56251a951c&sentry_client=sentry.javascript.nextjs%2F10.27.0:0
[   55792ms] [LOG] Supabase Studio is running commit 7bd061a67016bb3dd7f5acbd8b6d6f18a8d06970 deployed at 2026-05-29 02:24:08 +08:00. @ https://frontend-assets.supabase.com/studio/7bd061a67016/_next/static/chunks/0s851pjktpv32.js?dpl=dpl_9hVx9omuy9RfeTo5kHjRUi1aNuPQ:12
[   56704ms] [ERROR] Failed to load resource: net::ERR_CONNECTION_CLOSED @ https://o398706.ingest.us.sentry.io/api/5459134/envelope/?sentry_version=7&sentry_key=caa7db5fc1da4341810a6d56251a951c&sentry_client=sentry.javascript.nextjs%2F10.27.0:0
[   56915ms] [ERROR] Failed to load resource: net::ERR_CONNECTION_CLOSED @ https://o398706.ingest.us.sentry.io/api/5459134/envelope/?sentry_version=7&sentry_key=caa7db5fc1da4341810a6d56251a951c&sentry_client=sentry.javascript.nextjs%2F10.27.0:0
[   58802ms] [WARNING] [Warning] Please install/enable Redux devtools extension @ https://frontend-assets.supabase.com/studio/7bd061a67016/_next/static/chunks/0s851pjktpv32.js?dpl=dpl_9hVx9omuy9RfeTo5kHjRUi1aNuPQ:12
[   61678ms] [WARNING] ConfigCat - WARN - [3003] Cannot evaluate condition (User.plan IS ONE OF ['pro', 'team', 'enterprise']) for setting 'observabilityOverview' (the User.plan attribute is missing). You should set the User.plan attribute in order to make targeting work properly. Read more: https://configcat.com/docs/advanced/user-object/ @ https://frontend-assets.supabase.com/studio/7bd061a67016/_next/static/chunks/0s851pjktpv32.js?dpl=dpl_9hVx9omuy9RfeTo5kHjRUi1aNuPQ:12
[   61680ms] [WARNING] ConfigCat - WARN - [3003] Cannot evaluate condition (User.plan IS ONE OF ['team']) for setting 'unifiedLogs' (the User.plan attribute is missing). You should set the User.plan attribute in order to make targeting work properly. Read more: https://configcat.com/docs/advanced/user-object/ @ https://frontend-assets.supabase.com/studio/7bd061a67016/_next/static/chunks/0s851pjktpv32.js?dpl=dpl_9hVx9omuy9RfeTo5kHjRUi1aNuPQ:12
[   61680ms] [WARNING] ConfigCat - WARN - [3003] Cannot evaluate condition (User.plan IS ONE OF ['enterprise']) for setting 'unifiedLogs' (the User.plan attribute is missing). You should set the User.plan attribute in order to make targeting work properly. Read more: https://configcat.com/docs/advanced/user-object/ @ https://frontend-assets.supabase.com/studio/7bd061a67016/_next/static/chunks/0s851pjktpv32.js?dpl=dpl_9hVx9omuy9RfeTo5kHjRUi1aNuPQ:12
[   61680ms] [WARNING] ConfigCat - WARN - [3003] Cannot evaluate condition (User.plan IS ONE OF ['pro']) for setting 'unifiedLogs' (the User.plan attribute is missing). You should set the User.plan attribute in order to make targeting work properly. Read more: https://configcat.com/docs/advanced/user-object/ @ https://frontend-assets.supabase.com/studio/7bd061a67016/_next/static/chunks/0s851pjktpv32.js?dpl=dpl_9hVx9omuy9RfeTo5kHjRUi1aNuPQ:12
[   62410ms] [ERROR] Failed to load resource: net::ERR_CONNECTION_CLOSED @ https://o398706.ingest.us.sentry.io/api/5459134/envelope/?sentry_version=7&sentry_key=caa7db5fc1da4341810a6d56251a951c&sentry_client=sentry.javascript.nextjs%2F10.27.0:0
[   62533ms] [ERROR] Failed to load resource: net::ERR_CONNECTION_CLOSED @ https://o398706.ingest.us.sentry.io/api/5459134/envelope/?sentry_version=7&sentry_key=caa7db5fc1da4341810a6d56251a951c&sentry_client=sentry.javascript.nextjs%2F10.27.0:0
[   64010ms] [ERROR] Access to fetch at 'https://api.supabase.com/platform/projects/rrwwmtssxyuqhjnguvrg/content?type=report&name=Home&limit=1' from origin 'https://supabase.com' has been blocked by CORS policy: No 'Access-Control-Allow-Origin' header is present on the requested resource. @ https://supabase.com/dashboard/project/rrwwmtssxyuqhjnguvrg:0
[   64010ms] [ERROR] Failed to load resource: net::ERR_FAILED @ https://api.supabase.com/platform/projects/rrwwmtssxyuqhjnguvrg/content?type=report&name=Home&limit=1:0
[   65773ms] [ERROR] Failed to load resource: the server responded with a status of 400 () @ https://api.supabase.com/platform/pg-meta/rrwwmtssxyuqhjnguvrg/query?key=migrations:0
[ 1321698ms] [ERROR] ConfigCat - ERROR - [1103] Unexpected error occurred while trying to fetch config JSON. It is most likely due to a local network issue. Please make sure your application can reach the ConfigCat CDN servers (or your proxy server) over HTTP.
Error: Request failed due to a network or protocol error.
    at new t (https://frontend-assets.supabase.com/studio/7bd061a67016/_next/static/chunks/09tx4mw.bw962.js?dpl=dpl_9hVx9omuy9RfeTo5kHjRUi1aNuPQ:5:42870)
    at s.onerror (https://frontend-assets.supabase.com/studio/7bd061a67016/_next/static/chunks/09tx4mw.bw962.js?dpl=dpl_9hVx9omuy9RfeTo5kHjRUi1aNuPQ:5:102181)
    at XMLHttpRequest.r (https://frontend-assets.supabase.com/studio/7bd061a67016/_next/static/chunks/0s851pjktpv32.js?dpl=dpl_9hVx9omuy9RfeTo5kHjRUi1aNuPQ:10:5015) @ https://frontend-assets.supabase.com/studio/7bd061a67016/_next/static/chunks/0s851pjktpv32.js?dpl=dpl_9hVx9omuy9RfeTo5kHjRUi1aNuPQ:12
[ 1321699ms] [ERROR] Failed to load resource: net::ERR_CONNECTION_CLOSED @ https://configcat.supabase.com/configuration-files/configcat-proxy/frontend-v2/config_v6.json?sdk=ConfigCat-JS/a-9.5.1&ccetag=W%2F%225c2ac902c22f90308920cdf768eff258%22:0
[ 1741602ms] [ERROR] Failed to load resource: net::ERR_CONNECTION_CLOSED @ https://auth.supabase.io/auth/v1/token?grant_type=refresh_token:0
[ 1741602ms] [ERROR] TypeError: Failed to fetch (auth.supabase.io)
    at https://frontend-assets.supabase.com/studio/7bd061a67016/_next/static/chunks/0s851pjktpv32.js?dpl=dpl_9hVx9omuy9RfeTo5kHjRUi1aNuPQ:13:1799
    at https://ss.supabase.com/4icgbaujh.js?60a389s=aWQ9R1RNLVdDVlJMTU43&page=2:1:670
    at https://ss.supabase.com/4icgbaujh.js?60a389s=aWQ9R1RNLVdDVlJMTU43&page=2:757:632
    at push.U (https://frontend-assets.supabase.com/studio/7bd061a67016/_next/static/chunks/02wmul50qf~.k.js?dpl=dpl_9hVx9omuy9RfeTo5kHjRUi1aNuPQ:6:6093)
    at ea (https://frontend-assets.supabase.com/studio/7bd061a67016/_next/static/chunks/02wmul50qf~.k.js?dpl=dpl_9hVx9omuy9RfeTo5kHjRUi1aNuPQ:6:11438)
    at es (https://frontend-assets.supabase.com/studio/7bd061a67016/_next/static/chunks/02wmul50qf~.k.js?dpl=dpl_9hVx9omuy9RfeTo5kHjRUi1aNuPQ:6:10966)
    at r (https://frontend-assets.supabase.com/studio/7bd061a67016/_next/static/chunks/02wmul50qf~.k.js?dpl=dpl_9hVx9omuy9RfeTo5kHjRUi1aNuPQ:19:24997)
    at https://frontend-assets.supabase.com/studio/7bd061a67016/_next/static/chunks/02wmul50qf~.k.js?dpl=dpl_9hVx9omuy9RfeTo5kHjRUi1aNuPQ:19:25259
    at https://frontend-assets.supabase.com/studio/7bd061a67016/_next/static/chunks/02wmul50qf~.k.js?dpl=dpl_9hVx9omuy9RfeTo5kHjRUi1aNuPQ:19:25336
    at new Promise (<anonymous>)
    at eU._refreshAccessToken (https://frontend-assets.supabase.com/studio/7bd061a67016/_next/static/chunks/02wmul50qf~.k.js?dpl=dpl_9hVx9omuy9RfeTo5kHjRUi1aNuPQ:19:25190)
    at eU._callRefreshToken (https://frontend-assets.supabase.com/studio/7bd061a67016/_next/static/chunks/02wmul50qf~.k.js?dpl=dpl_9hVx9omuy9RfeTo5kHjRUi1aNuPQ:19:27926)
    at https://frontend-assets.supabase.com/studio/7bd061a67016/_next/static/chunks/02wmul50qf~.k.js?dpl=dpl_9hVx9omuy9RfeTo5kHjRUi1aNuPQ:19:31516
    at eU._useSession (https://frontend-assets.supabase.com/studio/7bd061a67016/_next/static/chunks/02wmul50qf~.k.js?dpl=dpl_9hVx9omuy9RfeTo5kHjRUi1aNuPQ:19:12432)
    at async https://frontend-assets.supabase.com/studio/7bd061a67016/_next/static/chunks/02wmul50qf~.k.js?dpl=dpl_9hVx9omuy9RfeTo5kHjRUi1aNuPQ:19:31166 @ https://frontend-assets.supabase.com/studio/7bd061a67016/_next/static/chunks/0s851pjktpv32.js?dpl=dpl_9hVx9omuy9RfeTo5kHjRUi1aNuPQ:12
[ 1741710ms] [ERROR] ConfigCat - ERROR - [1103] Unexpected error occurred while trying to fetch config JSON. It is most likely due to a local network issue. Please make sure your application can reach the ConfigCat CDN servers (or your proxy server) over HTTP.
Error: Request failed due to a network or protocol error.
    at new t (https://frontend-assets.supabase.com/studio/7bd061a67016/_next/static/chunks/09tx4mw.bw962.js?dpl=dpl_9hVx9omuy9RfeTo5kHjRUi1aNuPQ:5:42870)
    at s.onerror (https://frontend-assets.supabase.com/studio/7bd061a67016/_next/static/chunks/09tx4mw.bw962.js?dpl=dpl_9hVx9omuy9RfeTo5kHjRUi1aNuPQ:5:102181)
    at XMLHttpRequest.r (https://frontend-assets.supabase.com/studio/7bd061a67016/_next/static/chunks/0s851pjktpv32.js?dpl=dpl_9hVx9omuy9RfeTo5kHjRUi1aNuPQ:10:5015) @ https://frontend-assets.supabase.com/studio/7bd061a67016/_next/static/chunks/0s851pjktpv32.js?dpl=dpl_9hVx9omuy9RfeTo5kHjRUi1aNuPQ:12
[ 1741710ms] [ERROR] Failed to load resource: net::ERR_CONNECTION_CLOSED @ https://configcat.supabase.com/configuration-files/configcat-proxy/frontend-v2/config_v6.json?sdk=ConfigCat-JS/a-9.5.1&ccetag=W%2F%225c2ac902c22f90308920cdf768eff258%22:0
[ 1751814ms] [ERROR] Failed to load resource: net::ERR_CONNECTION_CLOSED @ https://auth.supabase.io/auth/v1/token?grant_type=refresh_token:0
[ 1751815ms] [ERROR] TypeError: Failed to fetch (auth.supabase.io)
    at https://frontend-assets.supabase.com/studio/7bd061a67016/_next/static/chunks/0s851pjktpv32.js?dpl=dpl_9hVx9omuy9RfeTo5kHjRUi1aNuPQ:13:1799
    at https://ss.supabase.com/4icgbaujh.js?60a389s=aWQ9R1RNLVdDVlJMTU43&page=2:1:670
    at https://ss.supabase.com/4icgbaujh.js?60a389s=aWQ9R1RNLVdDVlJMTU43&page=2:757:632
    at push.U (https://frontend-assets.supabase.com/studio/7bd061a67016/_next/static/chunks/02wmul50qf~.k.js?dpl=dpl_9hVx9omuy9RfeTo5kHjRUi1aNuPQ:6:6093)
    at ea (https://frontend-assets.supabase.com/studio/7bd061a67016/_next/static/chunks/02wmul50qf~.k.js?dpl=dpl_9hVx9omuy9RfeTo5kHjRUi1aNuPQ:6:11438)
    at es (https://frontend-assets.supabase.com/studio/7bd061a67016/_next/static/chunks/02wmul50qf~.k.js?dpl=dpl_9hVx9omuy9RfeTo5kHjRUi1aNuPQ:6:10966)
    at r (https://frontend-assets.supabase.com/studio/7bd061a67016/_next/static/chunks/02wmul50qf~.k.js?dpl=dpl_9hVx9omuy9RfeTo5kHjRUi1aNuPQ:19:24997)
    at async https://frontend-assets.supabase.com/studio/7bd061a67016/_next/static/chunks/02wmul50qf~.k.js?dpl=dpl_9hVx9omuy9RfeTo5kHjRUi1aNuPQ:19:25253 @ https://frontend-assets.supabase.com/studio/7bd061a67016/_next/static/chunks/0s851pjktpv32.js?dpl=dpl_9hVx9omuy9RfeTo5kHjRUi1aNuPQ:12
[ 1762230ms] [ERROR] Failed to load resource: net::ERR_CONNECTION_CLOSED @ https://auth.supabase.io/auth/v1/token?grant_type=refresh_token:0
[ 1762230ms] [ERROR] TypeError: Failed to fetch (auth.supabase.io)
    at https://frontend-assets.supabase.com/studio/7bd061a67016/_next/static/chunks/0s851pjktpv32.js?dpl=dpl_9hVx9omuy9RfeTo5kHjRUi1aNuPQ:13:1799
    at https://ss.supabase.com/4icgbaujh.js?60a389s=aWQ9R1RNLVdDVlJMTU43&page=2:1:670
    at https://ss.supabase.com/4icgbaujh.js?60a389s=aWQ9R1RNLVdDVlJMTU43&page=2:757:632
    at push.U (https://frontend-assets.supabase.com/studio/7bd061a67016/_next/static/chunks/02wmul50qf~.k.js?dpl=dpl_9hVx9omuy9RfeTo5kHjRUi1aNuPQ:6:6093)
    at ea (https://frontend-assets.supabase.com/studio/7bd061a67016/_next/static/chunks/02wmul50qf~.k.js?dpl=dpl_9hVx9omuy9RfeTo5kHjRUi1aNuPQ:6:11438)
    at es (https://frontend-assets.supabase.com/studio/7bd061a67016/_next/static/chunks/02wmul50qf~.k.js?dpl=dpl_9hVx9omuy9RfeTo5kHjRUi1aNuPQ:6:10966)
    at r (https://frontend-assets.supabase.com/studio/7bd061a67016/_next/static/chunks/02wmul50qf~.k.js?dpl=dpl_9hVx9omuy9RfeTo5kHjRUi1aNuPQ:19:24997)
    at async https://frontend-assets.supabase.com/studio/7bd061a67016/_next/static/chunks/02wmul50qf~.k.js?dpl=dpl_9hVx9omuy9RfeTo5kHjRUi1aNuPQ:19:25253 @ https://frontend-assets.supabase.com/studio/7bd061a67016/_next/static/chunks/0s851pjktpv32.js?dpl=dpl_9hVx9omuy9RfeTo5kHjRUi1aNuPQ:12
[ 1772237ms] [ERROR] Failed to load resource: net::ERR_CONNECTION_CLOSED @ https://auth.supabase.io/auth/v1/token?grant_type=refresh_token:0
[ 1772238ms] [ERROR] TypeError: Failed to fetch (auth.supabase.io)
    at https://frontend-assets.supabase.com/studio/7bd061a67016/_next/static/chunks/0s851pjktpv32.js?dpl=dpl_9hVx9omuy9RfeTo5kHjRUi1aNuPQ:13:1799
    at https://ss.supabase.com/4icgbaujh.js?60a389s=aWQ9R1RNLVdDVlJMTU43&page=2:1:670
    at https://ss.supabase.com/4icgbaujh.js?60a389s=aWQ9R1RNLVdDVlJMTU43&page=2:757:632
    at push.U (https://frontend-assets.supabase.com/studio/7bd061a67016/_next/static/chunks/02wmul50qf~.k.js?dpl=dpl_9hVx9omuy9RfeTo5kHjRUi1aNuPQ:6:6093)
    at ea (https://frontend-assets.supabase.com/studio/7bd061a67016/_next/static/chunks/02wmul50qf~.k.js?dpl=dpl_9hVx9omuy9RfeTo5kHjRUi1aNuPQ:6:11438)
    at es (https://frontend-assets.supabase.com/studio/7bd061a67016/_next/static/chunks/02wmul50qf~.k.js?dpl=dpl_9hVx9omuy9RfeTo5kHjRUi1aNuPQ:6:10966)
    at r (https://frontend-assets.supabase.com/studio/7bd061a67016/_next/static/chunks/02wmul50qf~.k.js?dpl=dpl_9hVx9omuy9RfeTo5kHjRUi1aNuPQ:19:24997)
    at https://frontend-assets.supabase.com/studio/7bd061a67016/_next/static/chunks/02wmul50qf~.k.js?dpl=dpl_9hVx9omuy9RfeTo5kHjRUi1aNuPQ:19:25259
    at https://frontend-assets.supabase.com/studio/7bd061a67016/_next/static/chunks/02wmul50qf~.k.js?dpl=dpl_9hVx9omuy9RfeTo5kHjRUi1aNuPQ:19:25336
    at new Promise (<anonymous>)
    at eU._refreshAccessToken (https://frontend-assets.supabase.com/studio/7bd061a67016/_next/static/chunks/02wmul50qf~.k.js?dpl=dpl_9hVx9omuy9RfeTo5kHjRUi1aNuPQ:19:25190)
    at eU._callRefreshToken (https://frontend-assets.supabase.com/studio/7bd061a67016/_next/static/chunks/02wmul50qf~.k.js?dpl=dpl_9hVx9omuy9RfeTo5kHjRUi1aNuPQ:19:27926)
    at eU.__loadSession (https://frontend-assets.supabase.com/studio/7bd061a67016/_next/static/chunks/02wmul50qf~.k.js?dpl=dpl_9hVx9omuy9RfeTo5kHjRUi1aNuPQ:19:14191)
    at async eU._useSession (https://frontend-assets.supabase.com/studio/7bd061a67016/_next/static/chunks/02wmul50qf~.k.js?dpl=dpl_9hVx9omuy9RfeTo5kHjRUi1aNuPQ:19:12392)
    at async https://frontend-assets.supabase.com/studio/7bd061a67016/_next/static/chunks/02wmul50qf~.k.js?dpl=dpl_9hVx9omuy9RfeTo5kHjRUi1aNuPQ:19:31166
    at async https://frontend-assets.supabase.com/studio/7bd061a67016/_next/static/chunks/02wmul50qf~.k.js?dpl=dpl_9hVx9omuy9RfeTo5kHjRUi1aNuPQ:19:11706 @ https://frontend-assets.supabase.com/studio/7bd061a67016/_next/static/chunks/0s851pjktpv32.js?dpl=dpl_9hVx9omuy9RfeTo5kHjRUi1aNuPQ:12
[ 1782450ms] [ERROR] Failed to load resource: net::ERR_CONNECTION_CLOSED @ https://auth.supabase.io/auth/v1/token?grant_type=refresh_token:0
[ 1782451ms] [ERROR] TypeError: Failed to fetch (auth.supabase.io)
    at https://frontend-assets.supabase.com/studio/7bd061a67016/_next/static/chunks/0s851pjktpv32.js?dpl=dpl_9hVx9omuy9RfeTo5kHjRUi1aNuPQ:13:1799
    at https://ss.supabase.com/4icgbaujh.js?60a389s=aWQ9R1RNLVdDVlJMTU43&page=2:1:670
    at https://ss.supabase.com/4icgbaujh.js?60a389s=aWQ9R1RNLVdDVlJMTU43&page=2:757:632
    at push.U (https://frontend-assets.supabase.com/studio/7bd061a67016/_next/static/chunks/02wmul50qf~.k.js?dpl=dpl_9hVx9omuy9RfeTo5kHjRUi1aNuPQ:6:6093)
    at ea (https://frontend-assets.supabase.com/studio/7bd061a67016/_next/static/chunks/02wmul50qf~.k.js?dpl=dpl_9hVx9omuy9RfeTo5kHjRUi1aNuPQ:6:11438)
    at es (https://frontend-assets.supabase.com/studio/7bd061a67016/_next/static/chunks/02wmul50qf~.k.js?dpl=dpl_9hVx9omuy9RfeTo5kHjRUi1aNuPQ:6:10966)
    at r (https://frontend-assets.supabase.com/studio/7bd061a67016/_next/static/chunks/02wmul50qf~.k.js?dpl=dpl_9hVx9omuy9RfeTo5kHjRUi1aNuPQ:19:24997)
    at async https://frontend-assets.supabase.com/studio/7bd061a67016/_next/static/chunks/02wmul50qf~.k.js?dpl=dpl_9hVx9omuy9RfeTo5kHjRUi1aNuPQ:19:25253 @ https://frontend-assets.supabase.com/studio/7bd061a67016/_next/static/chunks/0s851pjktpv32.js?dpl=dpl_9hVx9omuy9RfeTo5kHjRUi1aNuPQ:12
[ 1792865ms] [ERROR] Failed to load resource: net::ERR_CONNECTION_CLOSED @ https://auth.supabase.io/auth/v1/token?grant_type=refresh_token:0
[ 1792865ms] [ERROR] TypeError: Failed to fetch (auth.supabase.io)
    at https://frontend-assets.supabase.com/studio/7bd061a67016/_next/static/chunks/0s851pjktpv32.js?dpl=dpl_9hVx9omuy9RfeTo5kHjRUi1aNuPQ:13:1799
    at https://ss.supabase.com/4icgbaujh.js?60a389s=aWQ9R1RNLVdDVlJMTU43&page=2:1:670
    at https://ss.supabase.com/4icgbaujh.js?60a389s=aWQ9R1RNLVdDVlJMTU43&page=2:757:632
    at push.U (https://frontend-assets.supabase.com/studio/7bd061a67016/_next/static/chunks/02wmul50qf~.k.js?dpl=dpl_9hVx9omuy9RfeTo5kHjRUi1aNuPQ:6:6093)
    at ea (https://frontend-assets.supabase.com/studio/7bd061a67016/_next/static/chunks/02wmul50qf~.k.js?dpl=dpl_9hVx9omuy9RfeTo5kHjRUi1aNuPQ:6:11438)
    at es (https://frontend-assets.supabase.com/studio/7bd061a67016/_next/static/chunks/02wmul50qf~.k.js?dpl=dpl_9hVx9omuy9RfeTo5kHjRUi1aNuPQ:6:10966)
    at r (https://frontend-assets.supabase.com/studio/7bd061a67016/_next/static/chunks/02wmul50qf~.k.js?dpl=dpl_9hVx9omuy9RfeTo5kHjRUi1aNuPQ:19:24997)
    at async https://frontend-assets.supabase.com/studio/7bd061a67016/_next/static/chunks/02wmul50qf~.k.js?dpl=dpl_9hVx9omuy9RfeTo5kHjRUi1aNuPQ:19:25253 @ https://frontend-assets.supabase.com/studio/7bd061a67016/_next/static/chunks/0s851pjktpv32.js?dpl=dpl_9hVx9omuy9RfeTo5kHjRUi1aNuPQ:12
[ 1802871ms] [ERROR] Failed to load resource: net::ERR_CONNECTION_CLOSED @ https://auth.supabase.io/auth/v1/token?grant_type=refresh_token:0
[ 1802871ms] [ERROR] TypeError: Failed to fetch (auth.supabase.io)
    at https://frontend-assets.supabase.com/studio/7bd061a67016/_next/static/chunks/0s851pjktpv32.js?dpl=dpl_9hVx9omuy9RfeTo5kHjRUi1aNuPQ:13:1799
    at https://ss.supabase.com/4icgbaujh.js?60a389s=aWQ9R1RNLVdDVlJMTU43&page=2:1:670
    at https://ss.supabase.com/4icgbaujh.js?60a389s=aWQ9R1RNLVdDVlJMTU43&page=2:757:632
    at push.U (https://frontend-assets.supabase.com/studio/7bd061a67016/_next/static/chunks/02wmul50qf~.k.js?dpl=dpl_9hVx9omuy9RfeTo5kHjRUi1aNuPQ:6:6093)
    at ea (https://frontend-assets.supabase.com/studio/7bd061a67016/_next/static/chunks/02wmul50qf~.k.js?dpl=dpl_9hVx9omuy9RfeTo5kHjRUi1aNuPQ:6:11438)
    at es (https://frontend-assets.supabase.com/studio/7bd061a67016/_next/static/chunks/02wmul50qf~.k.js?dpl=dpl_9hVx9omuy9RfeTo5kHjRUi1aNuPQ:6:10966)
    at r (https://frontend-assets.supabase.com/studio/7bd061a67016/_next/static/chunks/02wmul50qf~.k.js?dpl=dpl_9hVx9omuy9RfeTo5kHjRUi1aNuPQ:19:24997)
    at https://frontend-assets.supabase.com/studio/7bd061a67016/_next/static/chunks/02wmul50qf~.k.js?dpl=dpl_9hVx9omuy9RfeTo5kHjRUi1aNuPQ:19:25259
    at https://frontend-assets.supabase.com/studio/7bd061a67016/_next/static/chunks/02wmul50qf~.k.js?dpl=dpl_9hVx9omuy9RfeTo5kHjRUi1aNuPQ:19:25336
    at new Promise (<anonymous>)
    at eU._refreshAccessToken (https://frontend-assets.supabase.com/studio/7bd061a67016/_next/static/chunks/02wmul50qf~.k.js?dpl=dpl_9hVx9omuy9RfeTo5kHjRUi1aNuPQ:19:25190)
    at eU._callRefreshToken (https://frontend-assets.supabase.com/studio/7bd061a67016/_next/static/chunks/02wmul50qf~.k.js?dpl=dpl_9hVx9omuy9RfeTo5kHjRUi1aNuPQ:19:27926)
    at eU.__loadSession (https://frontend-assets.supabase.com/studio/7bd061a67016/_next/static/chunks/02wmul50qf~.k.js?dpl=dpl_9hVx9omuy9RfeTo5kHjRUi1aNuPQ:19:14191)
    at async eU._useSession (https://frontend-assets.supabase.com/studio/7bd061a67016/_next/static/chunks/02wmul50qf~.k.js?dpl=dpl_9hVx9omuy9RfeTo5kHjRUi1aNuPQ:19:12392)
    at async https://frontend-assets.supabase.com/studio/7bd061a67016/_next/static/chunks/02wmul50qf~.k.js?dpl=dpl_9hVx9omuy9RfeTo5kHjRUi1aNuPQ:19:31166
    at async https://frontend-assets.supabase.com/studio/7bd061a67016/_next/static/chunks/02wmul50qf~.k.js?dpl=dpl_9hVx9omuy9RfeTo5kHjRUi1aNuPQ:19:11706 @ https://frontend-assets.supabase.com/studio/7bd061a67016/_next/static/chunks/0s851pjktpv32.js?dpl=dpl_9hVx9omuy9RfeTo5kHjRUi1aNuPQ:12
[ 1813089ms] [ERROR] Failed to load resource: net::ERR_CONNECTION_CLOSED @ https://auth.supabase.io/auth/v1/token?grant_type=refresh_token:0
[ 1813089ms] [ERROR] TypeError: Failed to fetch (auth.supabase.io)
    at https://frontend-assets.supabase.com/studio/7bd061a67016/_next/static/chunks/0s851pjktpv32.js?dpl=dpl_9hVx9omuy9RfeTo5kHjRUi1aNuPQ:13:1799
    at https://ss.supabase.com/4icgbaujh.js?60a389s=aWQ9R1RNLVdDVlJMTU43&page=2:1:670
    at https://ss.supabase.com/4icgbaujh.js?60a389s=aWQ9R1RNLVdDVlJMTU43&page=2:757:632
    at push.U (https://frontend-assets.supabase.com/studio/7bd061a67016/_next/static/chunks/02wmul50qf~.k.js?dpl=dpl_9hVx9omuy9RfeTo5kHjRUi1aNuPQ:6:6093)
    at ea (https://frontend-assets.supabase.com/studio/7bd061a67016/_next/static/chunks/02wmul50qf~.k.js?dpl=dpl_9hVx9omuy9RfeTo5kHjRUi1aNuPQ:6:11438)
    at es (https://frontend-assets.supabase.com/studio/7bd061a67016/_next/static/chunks/02wmul50qf~.k.js?dpl=dpl_9hVx9omuy9RfeTo5kHjRUi1aNuPQ:6:10966)
    at r (https://frontend-assets.supabase.com/studio/7bd061a67016/_next/static/chunks/02wmul50qf~.k.js?dpl=dpl_9hVx9omuy9RfeTo5kHjRUi1aNuPQ:19:24997)
    at async https://frontend-assets.supabase.com/studio/7bd061a67016/_next/static/chunks/02wmul50qf~.k.js?dpl=dpl_9hVx9omuy9RfeTo5kHjRUi1aNuPQ:19:25253 @ https://frontend-assets.supabase.com/studio/7bd061a67016/_next/static/chunks/0s851pjktpv32.js?dpl=dpl_9hVx9omuy9RfeTo5kHjRUi1aNuPQ:12
[ 1823510ms] [ERROR] Failed to load resource: net::ERR_CONNECTION_CLOSED @ https://auth.supabase.io/auth/v1/token?grant_type=refresh_token:0
[ 1823510ms] [ERROR] TypeError: Failed to fetch (auth.supabase.io)
    at https://frontend-assets.supabase.com/studio/7bd061a67016/_next/static/chunks/0s851pjktpv32.js?dpl=dpl_9hVx9omuy9RfeTo5kHjRUi1aNuPQ:13:1799
    at https://ss.supabase.com/4icgbaujh.js?60a389s=aWQ9R1RNLVdDVlJMTU43&page=2:1:670
    at https://ss.supabase.com/4icgbaujh.js?60a389s=aWQ9R1RNLVdDVlJMTU43&page=2:757:632
    at push.U (https://frontend-assets.supabase.com/studio/7bd061a67016/_next/static/chunks/02wmul50qf~.k.js?dpl=dpl_9hVx9omuy9RfeTo5kHjRUi1aNuPQ:6:6093)
    at ea (https://frontend-assets.supabase.com/studio/7bd061a67016/_next/static/chunks/02wmul50qf~.k.js?dpl=dpl_9hVx9omuy9RfeTo5kHjRUi1aNuPQ:6:11438)
    at es (https://frontend-assets.supabase.com/studio/7bd061a67016/_next/static/chunks/02wmul50qf~.k.js?dpl=dpl_9hVx9omuy9RfeTo5kHjRUi1aNuPQ:6:10966)
    at r (https://frontend-assets.supabase.com/studio/7bd061a67016/_next/static/chunks/02wmul50qf~.k.js?dpl=dpl_9hVx9omuy9RfeTo5kHjRUi1aNuPQ:19:24997)
    at async https://frontend-assets.supabase.com/studio/7bd061a67016/_next/static/chunks/02wmul50qf~.k.js?dpl=dpl_9hVx9omuy9RfeTo5kHjRUi1aNuPQ:19:25253 @ https://frontend-assets.supabase.com/studio/7bd061a67016/_next/static/chunks/0s851pjktpv32.js?dpl=dpl_9hVx9omuy9RfeTo5kHjRUi1aNuPQ:12
[ 1833516ms] [ERROR] Failed to load resource: net::ERR_CONNECTION_CLOSED @ https://auth.supabase.io/auth/v1/token?grant_type=refresh_token:0
[ 1833516ms] [ERROR] TypeError: Failed to fetch (auth.supabase.io)
    at https://frontend-assets.supabase.com/studio/7bd061a67016/_next/static/chunks/0s851pjktpv32.js?dpl=dpl_9hVx9omuy9RfeTo5kHjRUi1aNuPQ:13:1799
    at https://ss.supabase.com/4icgbaujh.js?60a389s=aWQ9R1RNLVdDVlJMTU43&page=2:1:670
    at https://ss.supabase.com/4icgbaujh.js?60a389s=aWQ9R1RNLVdDVlJMTU43&page=2:757:632
    at push.U (https://frontend-assets.supabase.com/studio/7bd061a67016/_next/static/chunks/02wmul50qf~.k.js?dpl=dpl_9hVx9omuy9RfeTo5kHjRUi1aNuPQ:6:6093)
    at ea (https://frontend-assets.supabase.com/studio/7bd061a67016/_next/static/chunks/02wmul50qf~.k.js?dpl=dpl_9hVx9omuy9RfeTo5kHjRUi1aNuPQ:6:11438)
    at es (https://frontend-assets.supabase.com/studio/7bd061a67016/_next/static/chunks/02wmul50qf~.k.js?dpl=dpl_9hVx9omuy9RfeTo5kHjRUi1aNuPQ:6:10966)
    at r (https://frontend-assets.supabase.com/studio/7bd061a67016/_next/static/chunks/02wmul50qf~.k.js?dpl=dpl_9hVx9omuy9RfeTo5kHjRUi1aNuPQ:19:24997)
    at https://frontend-assets.supabase.com/studio/7bd061a67016/_next/static/chunks/02wmul50qf~.k.js?dpl=dpl_9hVx9omuy9RfeTo5kHjRUi1aNuPQ:19:25259
    at https://frontend-assets.supabase.com/studio/7bd061a67016/_next/static/chunks/02wmul50qf~.k.js?dpl=dpl_9hVx9omuy9RfeTo5kHjRUi1aNuPQ:19:25336
    at new Promise (<anonymous>)
    at eU._refreshAccessToken (https://frontend-assets.supabase.com/studio/7bd061a67016/_next/static/chunks/02wmul50qf~.k.js?dpl=dpl_9hVx9omuy9RfeTo5kHjRUi1aNuPQ:19:25190)
    at eU._callRefreshToken (https://frontend-assets.supabase.com/studio/7bd061a67016/_next/static/chunks/02wmul50qf~.k.js?dpl=dpl_9hVx9omuy9RfeTo5kHjRUi1aNuPQ:19:27926)
    at eU.__loadSession (https://frontend-assets.supabase.com/studio/7bd061a67016/_next/static/chunks/02wmul50qf~.k.js?dpl=dpl_9hVx9omuy9RfeTo5kHjRUi1aNuPQ:19:14191)
    at async eU._useSession (https://frontend-assets.supabase.com/studio/7bd061a67016/_next/static/chunks/02wmul50qf~.k.js?dpl=dpl_9hVx9omuy9RfeTo5kHjRUi1aNuPQ:19:12392)
    at async https://frontend-assets.supabase.com/studio/7bd061a67016/_next/static/chunks/02wmul50qf~.k.js?dpl=dpl_9hVx9omuy9RfeTo5kHjRUi1aNuPQ:19:31166
    at async https://frontend-assets.supabase.com/studio/7bd061a67016/_next/static/chunks/02wmul50qf~.k.js?dpl=dpl_9hVx9omuy9RfeTo5kHjRUi1aNuPQ:19:11706 @ https://frontend-assets.supabase.com/studio/7bd061a67016/_next/static/chunks/0s851pjktpv32.js?dpl=dpl_9hVx9omuy9RfeTo5kHjRUi1aNuPQ:12
[ 1843737ms] [ERROR] Failed to load resource: net::ERR_CONNECTION_CLOSED @ https://auth.supabase.io/auth/v1/token?grant_type=refresh_token:0
[ 1843737ms] [ERROR] TypeError: Failed to fetch (auth.supabase.io)
    at https://frontend-assets.supabase.com/studio/7bd061a67016/_next/static/chunks/0s851pjktpv32.js?dpl=dpl_9hVx9omuy9RfeTo5kHjRUi1aNuPQ:13:1799
    at https://ss.supabase.com/4icgbaujh.js?60a389s=aWQ9R1RNLVdDVlJMTU43&page=2:1:670
    at https://ss.supabase.com/4icgbaujh.js?60a389s=aWQ9R1RNLVdDVlJMTU43&page=2:757:632
    at push.U (https://frontend-assets.supabase.com/studio/7bd061a67016/_next/static/chunks/02wmul50qf~.k.js?dpl=dpl_9hVx9omuy9RfeTo5kHjRUi1aNuPQ:6:6093)
    at ea (https://frontend-assets.supabase.com/studio/7bd061a67016/_next/static/chunks/02wmul50qf~.k.js?dpl=dpl_9hVx9omuy9RfeTo5kHjRUi1aNuPQ:6:11438)
    at es (https://frontend-assets.supabase.com/studio/7bd061a67016/_next/static/chunks/02wmul50qf~.k.js?dpl=dpl_9hVx9omuy9RfeTo5kHjRUi1aNuPQ:6:10966)
    at r (https://frontend-assets.supabase.com/studio/7bd061a67016/_next/static/chunks/02wmul50qf~.k.js?dpl=dpl_9hVx9omuy9RfeTo5kHjRUi1aNuPQ:19:24997)
    at async https://frontend-assets.supabase.com/studio/7bd061a67016/_next/static/chunks/02wmul50qf~.k.js?dpl=dpl_9hVx9omuy9RfeTo5kHjRUi1aNuPQ:19:25253 @ https://frontend-assets.supabase.com/studio/7bd061a67016/_next/static/chunks/0s851pjktpv32.js?dpl=dpl_9hVx9omuy9RfeTo5kHjRUi1aNuPQ:12
[ 1854155ms] [ERROR] Failed to load resource: net::ERR_CONNECTION_CLOSED @ https://auth.supabase.io/auth/v1/token?grant_type=refresh_token:0
[ 1854155ms] [ERROR] TypeError: Failed to fetch (auth.supabase.io)
    at https://frontend-assets.supabase.com/studio/7bd061a67016/_next/static/chunks/0s851pjktpv32.js?dpl=dpl_9hVx9omuy9RfeTo5kHjRUi1aNuPQ:13:1799
    at https://ss.supabase.com/4icgbaujh.js?60a389s=aWQ9R1RNLVdDVlJMTU43&page=2:1:670
    at https://ss.supabase.com/4icgbaujh.js?60a389s=aWQ9R1RNLVdDVlJMTU43&page=2:757:632
    at push.U (https://frontend-assets.supabase.com/studio/7bd061a67016/_next/static/chunks/02wmul50qf~.k.js?dpl=dpl_9hVx9omuy9RfeTo5kHjRUi1aNuPQ:6:6093)
    at ea (https://frontend-assets.supabase.com/studio/7bd061a67016/_next/static/chunks/02wmul50qf~.k.js?dpl=dpl_9hVx9omuy9RfeTo5kHjRUi1aNuPQ:6:11438)
    at es (https://frontend-assets.supabase.com/studio/7bd061a67016/_next/static/chunks/02wmul50qf~.k.js?dpl=dpl_9hVx9omuy9RfeTo5kHjRUi1aNuPQ:6:10966)
    at r (https://frontend-assets.supabase.com/studio/7bd061a67016/_next/static/chunks/02wmul50qf~.k.js?dpl=dpl_9hVx9omuy9RfeTo5kHjRUi1aNuPQ:19:24997)
    at async https://frontend-assets.supabase.com/studio/7bd061a67016/_next/static/chunks/02wmul50qf~.k.js?dpl=dpl_9hVx9omuy9RfeTo5kHjRUi1aNuPQ:19:25253 @ https://frontend-assets.supabase.com/studio/7bd061a67016/_next/static/chunks/0s851pjktpv32.js?dpl=dpl_9hVx9omuy9RfeTo5kHjRUi1aNuPQ:12
[ 1864160ms] [ERROR] Failed to load resource: net::ERR_CONNECTION_CLOSED @ https://auth.supabase.io/auth/v1/token?grant_type=refresh_token:0
[ 1864160ms] [ERROR] TypeError: Failed to fetch (auth.supabase.io)
    at https://frontend-assets.supabase.com/studio/7bd061a67016/_next/static/chunks/0s851pjktpv32.js?dpl=dpl_9hVx9omuy9RfeTo5kHjRUi1aNuPQ:13:1799
    at https://ss.supabase.com/4icgbaujh.js?60a389s=aWQ9R1RNLVdDVlJMTU43&page=2:1:670
    at https://ss.supabase.com/4icgbaujh.js?60a389s=aWQ9R1RNLVdDVlJMTU43&page=2:757:632
    at push.U (https://frontend-assets.supabase.com/studio/7bd061a67016/_next/static/chunks/02wmul50qf~.k.js?dpl=dpl_9hVx9omuy9RfeTo5kHjRUi1aNuPQ:6:6093)
    at ea (https://frontend-assets.supabase.com/studio/7bd061a67016/_next/static/chunks/02wmul50qf~.k.js?dpl=dpl_9hVx9omuy9RfeTo5kHjRUi1aNuPQ:6:11438)
    at es (https://frontend-assets.supabase.com/studio/7bd061a67016/_next/static/chunks/02wmul50qf~.k.js?dpl=dpl_9hVx9omuy9RfeTo5kHjRUi1aNuPQ:6:10966)
    at r (https://frontend-assets.supabase.com/studio/7bd061a67016/_next/static/chunks/02wmul50qf~.k.js?dpl=dpl_9hVx9omuy9RfeTo5kHjRUi1aNuPQ:19:24997)
    at https://frontend-assets.supabase.com/studio/7bd061a67016/_next/static/chunks/02wmul50qf~.k.js?dpl=dpl_9hVx9omuy9RfeTo5kHjRUi1aNuPQ:19:25259
    at https://frontend-assets.supabase.com/studio/7bd061a67016/_next/static/chunks/02wmul50qf~.k.js?dpl=dpl_9hVx9omuy9RfeTo5kHjRUi1aNuPQ:19:25336
    at new Promise (<anonymous>)
    at eU._refreshAccessToken (https://frontend-assets.supabase.com/studio/7bd061a67016/_next/static/chunks/02wmul50qf~.k.js?dpl=dpl_9hVx9omuy9RfeTo5kHjRUi1aNuPQ:19:25190)
    at eU._callRefreshToken (https://frontend-assets.supabase.com/studio/7bd061a67016/_next/static/chunks/02wmul50qf~.k.js?dpl=dpl_9hVx9omuy9RfeTo5kHjRUi1aNuPQ:19:27926)
    at eU.__loadSession (https://frontend-assets.supabase.com/studio/7bd061a67016/_next/static/chunks/02wmul50qf~.k.js?dpl=dpl_9hVx9omuy9RfeTo5kHjRUi1aNuPQ:19:14191)
    at async eU._useSession (https://frontend-assets.supabase.com/studio/7bd061a67016/_next/static/chunks/02wmul50qf~.k.js?dpl=dpl_9hVx9omuy9RfeTo5kHjRUi1aNuPQ:19:12392)
    at async https://frontend-assets.supabase.com/studio/7bd061a67016/_next/static/chunks/02wmul50qf~.k.js?dpl=dpl_9hVx9omuy9RfeTo5kHjRUi1aNuPQ:19:31166
    at async https://frontend-assets.supabase.com/studio/7bd061a67016/_next/static/chunks/02wmul50qf~.k.js?dpl=dpl_9hVx9omuy9RfeTo5kHjRUi1aNuPQ:19:11706 @ https://frontend-assets.supabase.com/studio/7bd061a67016/_next/static/chunks/0s851pjktpv32.js?dpl=dpl_9hVx9omuy9RfeTo5kHjRUi1aNuPQ:12
[ 1874368ms] [ERROR] Failed to load resource: net::ERR_CONNECTION_CLOSED @ https://auth.supabase.io/auth/v1/token?grant_type=refresh_token:0
[ 1874368ms] [ERROR] TypeError: Failed to fetch (auth.supabase.io)
    at https://frontend-assets.supabase.com/studio/7bd061a67016/_next/static/chunks/0s851pjktpv32.js?dpl=dpl_9hVx9omuy9RfeTo5kHjRUi1aNuPQ:13:1799
    at https://ss.supabase.com/4icgbaujh.js?60a389s=aWQ9R1RNLVdDVlJMTU43&page=2:1:670
    at https://ss.supabase.com/4icgbaujh.js?60a389s=aWQ9R1RNLVdDVlJMTU43&page=2:757:632
    at push.U (https://frontend-assets.supabase.com/studio/7bd061a67016/_next/static/chunks/02wmul50qf~.k.js?dpl=dpl_9hVx9omuy9RfeTo5kHjRUi1aNuPQ:6:6093)
    at ea (https://frontend-assets.supabase.com/studio/7bd061a67016/_next/static/chunks/02wmul50qf~.k.js?dpl=dpl_9hVx9omuy9RfeTo5kHjRUi1aNuPQ:6:11438)
    at es (https://frontend-assets.supabase.com/studio/7bd061a67016/_next/static/chunks/02wmul50qf~.k.js?dpl=dpl_9hVx9omuy9RfeTo5kHjRUi1aNuPQ:6:10966)
    at r (https://frontend-assets.supabase.com/studio/7bd061a67016/_next/static/chunks/02wmul50qf~.k.js?dpl=dpl_9hVx9omuy9RfeTo5kHjRUi1aNuPQ:19:24997)
    at async https://frontend-assets.supabase.com/studio/7bd061a67016/_next/static/chunks/02wmul50qf~.k.js?dpl=dpl_9hVx9omuy9RfeTo5kHjRUi1aNuPQ:19:25253 @ https://frontend-assets.supabase.com/studio/7bd061a67016/_next/static/chunks/0s851pjktpv32.js?dpl=dpl_9hVx9omuy9RfeTo5kHjRUi1aNuPQ:12
[ 1884788ms] [ERROR] Failed to load resource: net::ERR_CONNECTION_CLOSED @ https://auth.supabase.io/auth/v1/token?grant_type=refresh_token:0
[ 1884788ms] [ERROR] TypeError: Failed to fetch (auth.supabase.io)
    at https://frontend-assets.supabase.com/studio/7bd061a67016/_next/static/chunks/0s851pjktpv32.js?dpl=dpl_9hVx9omuy9RfeTo5kHjRUi1aNuPQ:13:1799
    at https://ss.supabase.com/4icgbaujh.js?60a389s=aWQ9R1RNLVdDVlJMTU43&page=2:1:670
    at https://ss.supabase.com/4icgbaujh.js?60a389s=aWQ9R1RNLVdDVlJMTU43&page=2:757:632
    at push.U (https://frontend-assets.supabase.com/studio/7bd061a67016/_next/static/chunks/02wmul50qf~.k.js?dpl=dpl_9hVx9omuy9RfeTo5kHjRUi1aNuPQ:6:6093)
    at ea (https://frontend-assets.supabase.com/studio/7bd061a67016/_next/static/chunks/02wmul50qf~.k.js?dpl=dpl_9hVx9omuy9RfeTo5kHjRUi1aNuPQ:6:11438)
    at es (https://frontend-assets.supabase.com/studio/7bd061a67016/_next/static/chunks/02wmul50qf~.k.js?dpl=dpl_9hVx9omuy9RfeTo5kHjRUi1aNuPQ:6:10966)
    at r (https://frontend-assets.supabase.com/studio/7bd061a67016/_next/static/chunks/02wmul50qf~.k.js?dpl=dpl_9hVx9omuy9RfeTo5kHjRUi1aNuPQ:19:24997)
    at async https://frontend-assets.supabase.com/studio/7bd061a67016/_next/static/chunks/02wmul50qf~.k.js?dpl=dpl_9hVx9omuy9RfeTo5kHjRUi1aNuPQ:19:25253 @ https://frontend-assets.supabase.com/studio/7bd061a67016/_next/static/chunks/0s851pjktpv32.js?dpl=dpl_9hVx9omuy9RfeTo5kHjRUi1aNuPQ:12
[ 1894794ms] [ERROR] Failed to load resource: net::ERR_CONNECTION_CLOSED @ https://auth.supabase.io/auth/v1/token?grant_type=refresh_token:0
[ 1894794ms] [ERROR] TypeError: Failed to fetch (auth.supabase.io)
    at https://frontend-assets.supabase.com/studio/7bd061a67016/_next/static/chunks/0s851pjktpv32.js?dpl=dpl_9hVx9omuy9RfeTo5kHjRUi1aNuPQ:13:1799
    at https://ss.supabase.com/4icgbaujh.js?60a389s=aWQ9R1RNLVdDVlJMTU43&page=2:1:670
    at https://ss.supabase.com/4icgbaujh.js?60a389s=aWQ9R1RNLVdDVlJMTU43&page=2:757:632
    at push.U (https://frontend-assets.supabase.com/studio/7bd061a67016/_next/static/chunks/02wmul50qf~.k.js?dpl=dpl_9hVx9omuy9RfeTo5kHjRUi1aNuPQ:6:6093)
    at ea (https://frontend-assets.supabase.com/studio/7bd061a67016/_next/static/chunks/02wmul50qf~.k.js?dpl=dpl_9hVx9omuy9RfeTo5kHjRUi1aNuPQ:6:11438)
    at es (https://frontend-assets.supabase.com/studio/7bd061a67016/_next/static/chunks/02wmul50qf~.k.js?dpl=dpl_9hVx9omuy9RfeTo5kHjRUi1aNuPQ:6:10966)
    at r (https://frontend-assets.supabase.com/studio/7bd061a67016/_next/static/chunks/02wmul50qf~.k.js?dpl=dpl_9hVx9omuy9RfeTo5kHjRUi1aNuPQ:19:24997)
    at https://frontend-assets.supabase.com/studio/7bd061a67016/_next/static/chunks/02wmul50qf~.k.js?dpl=dpl_9hVx9omuy9RfeTo5kHjRUi1aNuPQ:19:25259
    at https://frontend-assets.supabase.com/studio/7bd061a67016/_next/static/chunks/02wmul50qf~.k.js?dpl=dpl_9hVx9omuy9RfeTo5kHjRUi1aNuPQ:19:25336
    at new Promise (<anonymous>)
    at eU._refreshAccessToken (https://frontend-assets.supabase.com/studio/7bd061a67016/_next/static/chunks/02wmul50qf~.k.js?dpl=dpl_9hVx9omuy9RfeTo5kHjRUi1aNuPQ:19:25190)
    at eU._callRefreshToken (https://frontend-assets.supabase.com/studio/7bd061a67016/_next/static/chunks/02wmul50qf~.k.js?dpl=dpl_9hVx9omuy9RfeTo5kHjRUi1aNuPQ:19:27926)
    at eU.__loadSession (https://frontend-assets.supabase.com/studio/7bd061a67016/_next/static/chunks/02wmul50qf~.k.js?dpl=dpl_9hVx9omuy9RfeTo5kHjRUi1aNuPQ:19:14191)
    at async eU._useSession (https://frontend-assets.supabase.com/studio/7bd061a67016/_next/static/chunks/02wmul50qf~.k.js?dpl=dpl_9hVx9omuy9RfeTo5kHjRUi1aNuPQ:19:12392)
    at async https://frontend-assets.supabase.com/studio/7bd061a67016/_next/static/chunks/02wmul50qf~.k.js?dpl=dpl_9hVx9omuy9RfeTo5kHjRUi1aNuPQ:19:31166
    at async https://frontend-assets.supabase.com/studio/7bd061a67016/_next/static/chunks/02wmul50qf~.k.js?dpl=dpl_9hVx9omuy9RfeTo5kHjRUi1aNuPQ:19:11706 @ https://frontend-assets.supabase.com/studio/7bd061a67016/_next/static/chunks/0s851pjktpv32.js?dpl=dpl_9hVx9omuy9RfeTo5kHjRUi1aNuPQ:12
[ 1905003ms] [ERROR] Failed to load resource: net::ERR_CONNECTION_CLOSED @ https://auth.supabase.io/auth/v1/token?grant_type=refresh_token:0
[ 1905003ms] [ERROR] TypeError: Failed to fetch (auth.supabase.io)
    at https://frontend-assets.supabase.com/studio/7bd061a67016/_next/static/chunks/0s851pjktpv32.js?dpl=dpl_9hVx9omuy9RfeTo5kHjRUi1aNuPQ:13:1799
    at https://ss.supabase.com/4icgbaujh.js?60a389s=aWQ9R1RNLVdDVlJMTU43&page=2:1:670
    at https://ss.supabase.com/4icgbaujh.js?60a389s=aWQ9R1RNLVdDVlJMTU43&page=2:757:632
    at push.U (https://frontend-assets.supabase.com/studio/7bd061a67016/_next/static/chunks/02wmul50qf~.k.js?dpl=dpl_9hVx9omuy9RfeTo5kHjRUi1aNuPQ:6:6093)
    at ea (https://frontend-assets.supabase.com/studio/7bd061a67016/_next/static/chunks/02wmul50qf~.k.js?dpl=dpl_9hVx9omuy9RfeTo5kHjRUi1aNuPQ:6:11438)
    at es (https://frontend-assets.supabase.com/studio/7bd061a67016/_next/static/chunks/02wmul50qf~.k.js?dpl=dpl_9hVx9omuy9RfeTo5kHjRUi1aNuPQ:6:10966)
    at r (https://frontend-assets.supabase.com/studio/7bd061a67016/_next/static/chunks/02wmul50qf~.k.js?dpl=dpl_9hVx9omuy9RfeTo5kHjRUi1aNuPQ:19:24997)
    at async https://frontend-assets.supabase.com/studio/7bd061a67016/_next/static/chunks/02wmul50qf~.k.js?dpl=dpl_9hVx9omuy9RfeTo5kHjRUi1aNuPQ:19:25253 @ https://frontend-assets.supabase.com/studio/7bd061a67016/_next/static/chunks/0s851pjktpv32.js?dpl=dpl_9hVx9omuy9RfeTo5kHjRUi1aNuPQ:12
[ 1915417ms] [ERROR] Failed to load resource: net::ERR_CONNECTION_CLOSED @ https://auth.supabase.io/auth/v1/token?grant_type=refresh_token:0
[ 1915417ms] [ERROR] TypeError: Failed to fetch (auth.supabase.io)
    at https://frontend-assets.supabase.com/studio/7bd061a67016/_next/static/chunks/0s851pjktpv32.js?dpl=dpl_9hVx9omuy9RfeTo5kHjRUi1aNuPQ:13:1799
    at https://ss.supabase.com/4icgbaujh.js?60a389s=aWQ9R1RNLVdDVlJMTU43&page=2:1:670
    at https://ss.supabase.com/4icgbaujh.js?60a389s=aWQ9R1RNLVdDVlJMTU43&page=2:757:632
    at push.U (https://frontend-assets.supabase.com/studio/7bd061a67016/_next/static/chunks/02wmul50qf~.k.js?dpl=dpl_9hVx9omuy9RfeTo5kHjRUi1aNuPQ:6:6093)
    at ea (https://frontend-assets.supabase.com/studio/7bd061a67016/_next/static/chunks/02wmul50qf~.k.js?dpl=dpl_9hVx9omuy9RfeTo5kHjRUi1aNuPQ:6:11438)
    at es (https://frontend-assets.supabase.com/studio/7bd061a67016/_next/static/chunks/02wmul50qf~.k.js?dpl=dpl_9hVx9omuy9RfeTo5kHjRUi1aNuPQ:6:10966)
    at r (https://frontend-assets.supabase.com/studio/7bd061a67016/_next/static/chunks/02wmul50qf~.k.js?dpl=dpl_9hVx9omuy9RfeTo5kHjRUi1aNuPQ:19:24997)
    at async https://frontend-assets.supabase.com/studio/7bd061a67016/_next/static/chunks/02wmul50qf~.k.js?dpl=dpl_9hVx9omuy9RfeTo5kHjRUi1aNuPQ:19:25253 @ https://frontend-assets.supabase.com/studio/7bd061a67016/_next/static/chunks/0s851pjktpv32.js?dpl=dpl_9hVx9omuy9RfeTo5kHjRUi1aNuPQ:12
[ 1925422ms] [ERROR] Failed to load resource: net::ERR_CONNECTION_CLOSED @ https://auth.supabase.io/auth/v1/token?grant_type=refresh_token:0
[ 1925423ms] [ERROR] TypeError: Failed to fetch (auth.supabase.io)
    at https://frontend-assets.supabase.com/studio/7bd061a67016/_next/static/chunks/0s851pjktpv32.js?dpl=dpl_9hVx9omuy9RfeTo5kHjRUi1aNuPQ:13:1799
    at https://ss.supabase.com/4icgbaujh.js?60a389s=aWQ9R1RNLVdDVlJMTU43&page=2:1:670
    at https://ss.supabase.com/4icgbaujh.js?60a389s=aWQ9R1RNLVdDVlJMTU43&page=2:757:632
    at push.U (https://frontend-assets.supabase.com/studio/7bd061a67016/_next/static/chunks/02wmul50qf~.k.js?dpl=dpl_9hVx9omuy9RfeTo5kHjRUi1aNuPQ:6:6093)
    at ea (https://frontend-assets.supabase.com/studio/7bd061a67016/_next/static/chunks/02wmul50qf~.k.js?dpl=dpl_9hVx9omuy9RfeTo5kHjRUi1aNuPQ:6:11438)
    at es (https://frontend-assets.supabase.com/studio/7bd061a67016/_next/static/chunks/02wmul50qf~.k.js?dpl=dpl_9hVx9omuy9RfeTo5kHjRUi1aNuPQ:6:10966)
    at r (https://frontend-assets.supabase.com/studio/7bd061a67016/_next/static/chunks/02wmul50qf~.k.js?dpl=dpl_9hVx9omuy9RfeTo5kHjRUi1aNuPQ:19:24997)
    at https://frontend-assets.supabase.com/studio/7bd061a67016/_next/static/chunks/02wmul50qf~.k.js?dpl=dpl_9hVx9omuy9RfeTo5kHjRUi1aNuPQ:19:25259
    at https://frontend-assets.supabase.com/studio/7bd061a67016/_next/static/chunks/02wmul50qf~.k.js?dpl=dpl_9hVx9omuy9RfeTo5kHjRUi1aNuPQ:19:25336
    at new Promise (<anonymous>)
    at eU._refreshAccessToken (https://frontend-assets.supabase.com/studio/7bd061a67016/_next/static/chunks/02wmul50qf~.k.js?dpl=dpl_9hVx9omuy9RfeTo5kHjRUi1aNuPQ:19:25190)
    at eU._callRefreshToken (https://frontend-assets.supabase.com/studio/7bd061a67016/_next/static/chunks/02wmul50qf~.k.js?dpl=dpl_9hVx9omuy9RfeTo5kHjRUi1aNuPQ:19:27926)
    at eU.__loadSession (https://frontend-assets.supabase.com/studio/7bd061a67016/_next/static/chunks/02wmul50qf~.k.js?dpl=dpl_9hVx9omuy9RfeTo5kHjRUi1aNuPQ:19:14191)
    at async eU._useSession (https://frontend-assets.supabase.com/studio/7bd061a67016/_next/static/chunks/02wmul50qf~.k.js?dpl=dpl_9hVx9omuy9RfeTo5kHjRUi1aNuPQ:19:12392)
    at async https://frontend-assets.supabase.com/studio/7bd061a67016/_next/static/chunks/02wmul50qf~.k.js?dpl=dpl_9hVx9omuy9RfeTo5kHjRUi1aNuPQ:19:31166
    at async https://frontend-assets.supabase.com/studio/7bd061a67016/_next/static/chunks/02wmul50qf~.k.js?dpl=dpl_9hVx9omuy9RfeTo5kHjRUi1aNuPQ:19:11706 @ https://frontend-assets.supabase.com/studio/7bd061a67016/_next/static/chunks/0s851pjktpv32.js?dpl=dpl_9hVx9omuy9RfeTo5kHjRUi1aNuPQ:12
[ 1935644ms] [ERROR] Failed to load resource: net::ERR_CONNECTION_CLOSED @ https://auth.supabase.io/auth/v1/token?grant_type=refresh_token:0
[ 1935644ms] [ERROR] TypeError: Failed to fetch (auth.supabase.io)
    at https://frontend-assets.supabase.com/studio/7bd061a67016/_next/static/chunks/0s851pjktpv32.js?dpl=dpl_9hVx9omuy9RfeTo5kHjRUi1aNuPQ:13:1799
    at https://ss.supabase.com/4icgbaujh.js?60a389s=aWQ9R1RNLVdDVlJMTU43&page=2:1:670
    at https://ss.supabase.com/4icgbaujh.js?60a389s=aWQ9R1RNLVdDVlJMTU43&page=2:757:632
    at push.U (https://frontend-assets.supabase.com/studio/7bd061a67016/_next/static/chunks/02wmul50qf~.k.js?dpl=dpl_9hVx9omuy9RfeTo5kHjRUi1aNuPQ:6:6093)
    at ea (https://frontend-assets.supabase.com/studio/7bd061a67016/_next/static/chunks/02wmul50qf~.k.js?dpl=dpl_9hVx9omuy9RfeTo5kHjRUi1aNuPQ:6:11438)
    at es (https://frontend-assets.supabase.com/studio/7bd061a67016/_next/static/chunks/02wmul50qf~.k.js?dpl=dpl_9hVx9omuy9RfeTo5kHjRUi1aNuPQ:6:10966)
    at r (https://frontend-assets.supabase.com/studio/7bd061a67016/_next/static/chunks/02wmul50qf~.k.js?dpl=dpl_9hVx9omuy9RfeTo5kHjRUi1aNuPQ:19:24997)
    at async https://frontend-assets.supabase.com/studio/7bd061a67016/_next/static/chunks/02wmul50qf~.k.js?dpl=dpl_9hVx9omuy9RfeTo5kHjRUi1aNuPQ:19:25253 @ https://frontend-assets.supabase.com/studio/7bd061a67016/_next/static/chunks/0s851pjktpv32.js?dpl=dpl_9hVx9omuy9RfeTo5kHjRUi1aNuPQ:12
[ 1946065ms] [ERROR] Failed to load resource: net::ERR_CONNECTION_CLOSED @ https://auth.supabase.io/auth/v1/token?grant_type=refresh_token:0
[ 1946065ms] [ERROR] TypeError: Failed to fetch (auth.supabase.io)
    at https://frontend-assets.supabase.com/studio/7bd061a67016/_next/static/chunks/0s851pjktpv32.js?dpl=dpl_9hVx9omuy9RfeTo5kHjRUi1aNuPQ:13:1799
    at https://ss.supabase.com/4icgbaujh.js?60a389s=aWQ9R1RNLVdDVlJMTU43&page=2:1:670
    at https://ss.supabase.com/4icgbaujh.js?60a389s=aWQ9R1RNLVdDVlJMTU43&page=2:757:632
    at push.U (https://frontend-assets.supabase.com/studio/7bd061a67016/_next/static/chunks/02wmul50qf~.k.js?dpl=dpl_9hVx9omuy9RfeTo5kHjRUi1aNuPQ:6:6093)
    at ea (https://frontend-assets.supabase.com/studio/7bd061a67016/_next/static/chunks/02wmul50qf~.k.js?dpl=dpl_9hVx9omuy9RfeTo5kHjRUi1aNuPQ:6:11438)
    at es (https://frontend-assets.supabase.com/studio/7bd061a67016/_next/static/chunks/02wmul50qf~.k.js?dpl=dpl_9hVx9omuy9RfeTo5kHjRUi1aNuPQ:6:10966)
    at r (https://frontend-assets.supabase.com/studio/7bd061a67016/_next/static/chunks/02wmul50qf~.k.js?dpl=dpl_9hVx9omuy9RfeTo5kHjRUi1aNuPQ:19:24997)
    at async https://frontend-assets.supabase.com/studio/7bd061a67016/_next/static/chunks/02wmul50qf~.k.js?dpl=dpl_9hVx9omuy9RfeTo5kHjRUi1aNuPQ:19:25253 @ https://frontend-assets.supabase.com/studio/7bd061a67016/_next/static/chunks/0s851pjktpv32.js?dpl=dpl_9hVx9omuy9RfeTo5kHjRUi1aNuPQ:12
[ 1956070ms] [ERROR] Failed to load resource: net::ERR_CONNECTION_CLOSED @ https://auth.supabase.io/auth/v1/token?grant_type=refresh_token:0
[ 1956070ms] [ERROR] TypeError: Failed to fetch (auth.supabase.io)
    at https://frontend-assets.supabase.com/studio/7bd061a67016/_next/static/chunks/0s851pjktpv32.js?dpl=dpl_9hVx9omuy9RfeTo5kHjRUi1aNuPQ:13:1799
    at https://ss.supabase.com/4icgbaujh.js?60a389s=aWQ9R1RNLVdDVlJMTU43&page=2:1:670
    at https://ss.supabase.com/4icgbaujh.js?60a389s=aWQ9R1RNLVdDVlJMTU43&page=2:757:632
    at push.U (https://frontend-assets.supabase.com/studio/7bd061a67016/_next/static/chunks/02wmul50qf~.k.js?dpl=dpl_9hVx9omuy9RfeTo5kHjRUi1aNuPQ:6:6093)
    at ea (https://frontend-assets.supabase.com/studio/7bd061a67016/_next/static/chunks/02wmul50qf~.k.js?dpl=dpl_9hVx9omuy9RfeTo5kHjRUi1aNuPQ:6:11438)
    at es (https://frontend-assets.supabase.com/studio/7bd061a67016/_next/static/chunks/02wmul50qf~.k.js?dpl=dpl_9hVx9omuy9RfeTo5kHjRUi1aNuPQ:6:10966)
    at r (https://frontend-assets.supabase.com/studio/7bd061a67016/_next/static/chunks/02wmul50qf~.k.js?dpl=dpl_9hVx9omuy9RfeTo5kHjRUi1aNuPQ:19:24997)
    at https://frontend-assets.supabase.com/studio/7bd061a67016/_next/static/chunks/02wmul50qf~.k.js?dpl=dpl_9hVx9omuy9RfeTo5kHjRUi1aNuPQ:19:25259
    at https://frontend-assets.supabase.com/studio/7bd061a67016/_next/static/chunks/02wmul50qf~.k.js?dpl=dpl_9hVx9omuy9RfeTo5kHjRUi1aNuPQ:19:25336
    at new Promise (<anonymous>)
    at eU._refreshAccessToken (https://frontend-assets.supabase.com/studio/7bd061a67016/_next/static/chunks/02wmul50qf~.k.js?dpl=dpl_9hVx9omuy9RfeTo5kHjRUi1aNuPQ:19:25190)
    at eU._callRefreshToken (https://frontend-assets.supabase.com/studio/7bd061a67016/_next/static/chunks/02wmul50qf~.k.js?dpl=dpl_9hVx9omuy9RfeTo5kHjRUi1aNuPQ:19:27926)
    at eU.__loadSession (https://frontend-assets.supabase.com/studio/7bd061a67016/_next/static/chunks/02wmul50qf~.k.js?dpl=dpl_9hVx9omuy9RfeTo5kHjRUi1aNuPQ:19:14191)
    at async eU._useSession (https://frontend-assets.supabase.com/studio/7bd061a67016/_next/static/chunks/02wmul50qf~.k.js?dpl=dpl_9hVx9omuy9RfeTo5kHjRUi1aNuPQ:19:12392)
    at async https://frontend-assets.supabase.com/studio/7bd061a67016/_next/static/chunks/02wmul50qf~.k.js?dpl=dpl_9hVx9omuy9RfeTo5kHjRUi1aNuPQ:19:31166
    at async https://frontend-assets.supabase.com/studio/7bd061a67016/_next/static/chunks/02wmul50qf~.k.js?dpl=dpl_9hVx9omuy9RfeTo5kHjRUi1aNuPQ:19:11706 @ https://frontend-assets.supabase.com/studio/7bd061a67016/_next/static/chunks/0s851pjktpv32.js?dpl=dpl_9hVx9omuy9RfeTo5kHjRUi1aNuPQ:12
[ 1966294ms] [ERROR] Failed to load resource: net::ERR_CONNECTION_CLOSED @ https://auth.supabase.io/auth/v1/token?grant_type=refresh_token:0
[ 1966295ms] [ERROR] TypeError: Failed to fetch (auth.supabase.io)
    at https://frontend-assets.supabase.com/studio/7bd061a67016/_next/static/chunks/0s851pjktpv32.js?dpl=dpl_9hVx9omuy9RfeTo5kHjRUi1aNuPQ:13:1799
    at https://ss.supabase.com/4icgbaujh.js?60a389s=aWQ9R1RNLVdDVlJMTU43&page=2:1:670
    at https://ss.supabase.com/4icgbaujh.js?60a389s=aWQ9R1RNLVdDVlJMTU43&page=2:757:632
    at push.U (https://frontend-assets.supabase.com/studio/7bd061a67016/_next/static/chunks/02wmul50qf~.k.js?dpl=dpl_9hVx9omuy9RfeTo5kHjRUi1aNuPQ:6:6093)
    at ea (https://frontend-assets.supabase.com/studio/7bd061a67016/_next/static/chunks/02wmul50qf~.k.js?dpl=dpl_9hVx9omuy9RfeTo5kHjRUi1aNuPQ:6:11438)
    at es (https://frontend-assets.supabase.com/studio/7bd061a67016/_next/static/chunks/02wmul50qf~.k.js?dpl=dpl_9hVx9omuy9RfeTo5kHjRUi1aNuPQ:6:10966)
    at r (https://frontend-assets.supabase.com/studio/7bd061a67016/_next/static/chunks/02wmul50qf~.k.js?dpl=dpl_9hVx9omuy9RfeTo5kHjRUi1aNuPQ:19:24997)
    at async https://frontend-assets.supabase.com/studio/7bd061a67016/_next/static/chunks/02wmul50qf~.k.js?dpl=dpl_9hVx9omuy9RfeTo5kHjRUi1aNuPQ:19:25253 @ https://frontend-assets.supabase.com/studio/7bd061a67016/_next/static/chunks/0s851pjktpv32.js?dpl=dpl_9hVx9omuy9RfeTo5kHjRUi1aNuPQ:12
[ 1976703ms] [ERROR] Failed to load resource: net::ERR_CONNECTION_CLOSED @ https://auth.supabase.io/auth/v1/token?grant_type=refresh_token:0
[ 1976703ms] [ERROR] TypeError: Failed to fetch (auth.supabase.io)
    at https://frontend-assets.supabase.com/studio/7bd061a67016/_next/static/chunks/0s851pjktpv32.js?dpl=dpl_9hVx9omuy9RfeTo5kHjRUi1aNuPQ:13:1799
    at https://ss.supabase.com/4icgbaujh.js?60a389s=aWQ9R1RNLVdDVlJMTU43&page=2:1:670
    at https://ss.supabase.com/4icgbaujh.js?60a389s=aWQ9R1RNLVdDVlJMTU43&page=2:757:632
    at push.U (https://frontend-assets.supabase.com/studio/7bd061a67016/_next/static/chunks/02wmul50qf~.k.js?dpl=dpl_9hVx9omuy9RfeTo5kHjRUi1aNuPQ:6:6093)
    at ea (https://frontend-assets.supabase.com/studio/7bd061a67016/_next/static/chunks/02wmul50qf~.k.js?dpl=dpl_9hVx9omuy9RfeTo5kHjRUi1aNuPQ:6:11438)
    at es (https://frontend-assets.supabase.com/studio/7bd061a67016/_next/static/chunks/02wmul50qf~.k.js?dpl=dpl_9hVx9omuy9RfeTo5kHjRUi1aNuPQ:6:10966)
    at r (https://frontend-assets.supabase.com/studio/7bd061a67016/_next/static/chunks/02wmul50qf~.k.js?dpl=dpl_9hVx9omuy9RfeTo5kHjRUi1aNuPQ:19:24997)
    at async https://frontend-assets.supabase.com/studio/7bd061a67016/_next/static/chunks/02wmul50qf~.k.js?dpl=dpl_9hVx9omuy9RfeTo5kHjRUi1aNuPQ:19:25253 @ https://frontend-assets.supabase.com/studio/7bd061a67016/_next/static/chunks/0s851pjktpv32.js?dpl=dpl_9hVx9omuy9RfeTo5kHjRUi1aNuPQ:12
[ 1986708ms] [ERROR] Failed to load resource: net::ERR_CONNECTION_CLOSED @ https://auth.supabase.io/auth/v1/token?grant_type=refresh_token:0
[ 1986708ms] [ERROR] TypeError: Failed to fetch (auth.supabase.io)
    at https://frontend-assets.supabase.com/studio/7bd061a67016/_next/static/chunks/0s851pjktpv32.js?dpl=dpl_9hVx9omuy9RfeTo5kHjRUi1aNuPQ:13:1799
    at https://ss.supabase.com/4icgbaujh.js?60a389s=aWQ9R1RNLVdDVlJMTU43&page=2:1:670
    at https://ss.supabase.com/4icgbaujh.js?60a389s=aWQ9R1RNLVdDVlJMTU43&page=2:757:632
    at push.U (https://frontend-assets.supabase.com/studio/7bd061a67016/_next/static/chunks/02wmul50qf~.k.js?dpl=dpl_9hVx9omuy9RfeTo5kHjRUi1aNuPQ:6:6093)
    at ea (https://frontend-assets.supabase.com/studio/7bd061a67016/_next/static/chunks/02wmul50qf~.k.js?dpl=dpl_9hVx9omuy9RfeTo5kHjRUi1aNuPQ:6:11438)
    at es (https://frontend-assets.supabase.com/studio/7bd061a67016/_next/static/chunks/02wmul50qf~.k.js?dpl=dpl_9hVx9omuy9RfeTo5kHjRUi1aNuPQ:6:10966)
    at r (https://frontend-assets.supabase.com/studio/7bd061a67016/_next/static/chunks/02wmul50qf~.k.js?dpl=dpl_9hVx9omuy9RfeTo5kHjRUi1aNuPQ:19:24997)
    at https://frontend-assets.supabase.com/studio/7bd061a67016/_next/static/chunks/02wmul50qf~.k.js?dpl=dpl_9hVx9omuy9RfeTo5kHjRUi1aNuPQ:19:25259
    at https://frontend-assets.supabase.com/studio/7bd061a67016/_next/static/chunks/02wmul50qf~.k.js?dpl=dpl_9hVx9omuy9RfeTo5kHjRUi1aNuPQ:19:25336
    at new Promise (<anonymous>)
    at eU._refreshAccessToken (https://frontend-assets.supabase.com/studio/7bd061a67016/_next/static/chunks/02wmul50qf~.k.js?dpl=dpl_9hVx9omuy9RfeTo5kHjRUi1aNuPQ:19:25190)
    at eU._callRefreshToken (https://frontend-assets.supabase.com/studio/7bd061a67016/_next/static/chunks/02wmul50qf~.k.js?dpl=dpl_9hVx9omuy9RfeTo5kHjRUi1aNuPQ:19:27926)
    at eU.__loadSession (https://frontend-assets.supabase.com/studio/7bd061a67016/_next/static/chunks/02wmul50qf~.k.js?dpl=dpl_9hVx9omuy9RfeTo5kHjRUi1aNuPQ:19:14191)
    at async eU._useSession (https://frontend-assets.supabase.com/studio/7bd061a67016/_next/static/chunks/02wmul50qf~.k.js?dpl=dpl_9hVx9omuy9RfeTo5kHjRUi1aNuPQ:19:12392)
    at async https://frontend-assets.supabase.com/studio/7bd061a67016/_next/static/chunks/02wmul50qf~.k.js?dpl=dpl_9hVx9omuy9RfeTo5kHjRUi1aNuPQ:19:31166
    at async https://frontend-assets.supabase.com/studio/7bd061a67016/_next/static/chunks/02wmul50qf~.k.js?dpl=dpl_9hVx9omuy9RfeTo5kHjRUi1aNuPQ:19:11706 @ https://frontend-assets.supabase.com/studio/7bd061a67016/_next/static/chunks/0s851pjktpv32.js?dpl=dpl_9hVx9omuy9RfeTo5kHjRUi1aNuPQ:12
[ 1996922ms] [ERROR] Failed to load resource: net::ERR_CONNECTION_CLOSED @ https://auth.supabase.io/auth/v1/token?grant_type=refresh_token:0
[ 1996923ms] [ERROR] TypeError: Failed to fetch (auth.supabase.io)
    at https://frontend-assets.supabase.com/studio/7bd061a67016/_next/static/chunks/0s851pjktpv32.js?dpl=dpl_9hVx9omuy9RfeTo5kHjRUi1aNuPQ:13:1799
    at https://ss.supabase.com/4icgbaujh.js?60a389s=aWQ9R1RNLVdDVlJMTU43&page=2:1:670
    at https://ss.supabase.com/4icgbaujh.js?60a389s=aWQ9R1RNLVdDVlJMTU43&page=2:757:632
    at push.U (https://frontend-assets.supabase.com/studio/7bd061a67016/_next/static/chunks/02wmul50qf~.k.js?dpl=dpl_9hVx9omuy9RfeTo5kHjRUi1aNuPQ:6:6093)
    at ea (https://frontend-assets.supabase.com/studio/7bd061a67016/_next/static/chunks/02wmul50qf~.k.js?dpl=dpl_9hVx9omuy9RfeTo5kHjRUi1aNuPQ:6:11438)
    at es (https://frontend-assets.supabase.com/studio/7bd061a67016/_next/static/chunks/02wmul50qf~.k.js?dpl=dpl_9hVx9omuy9RfeTo5kHjRUi1aNuPQ:6:10966)
    at r (https://frontend-assets.supabase.com/studio/7bd061a67016/_next/static/chunks/02wmul50qf~.k.js?dpl=dpl_9hVx9omuy9RfeTo5kHjRUi1aNuPQ:19:24997)
    at async https://frontend-assets.supabase.com/studio/7bd061a67016/_next/static/chunks/02wmul50qf~.k.js?dpl=dpl_9hVx9omuy9RfeTo5kHjRUi1aNuPQ:19:25253 @ https://frontend-assets.supabase.com/studio/7bd061a67016/_next/static/chunks/0s851pjktpv32.js?dpl=dpl_9hVx9omuy9RfeTo5kHjRUi1aNuPQ:12
[ 2007340ms] [ERROR] Failed to load resource: net::ERR_CONNECTION_CLOSED @ https://auth.supabase.io/auth/v1/token?grant_type=refresh_token:0
[ 2007340ms] [ERROR] TypeError: Failed to fetch (auth.supabase.io)
    at https://frontend-assets.supabase.com/studio/7bd061a67016/_next/static/chunks/0s851pjktpv32.js?dpl=dpl_9hVx9omuy9RfeTo5kHjRUi1aNuPQ:13:1799
    at https://ss.supabase.com/4icgbaujh.js?60a389s=aWQ9R1RNLVdDVlJMTU43&page=2:1:670
    at https://ss.supabase.com/4icgbaujh.js?60a389s=aWQ9R1RNLVdDVlJMTU43&page=2:757:632
    at push.U (https://frontend-assets.supabase.com/studio/7bd061a67016/_next/static/chunks/02wmul50qf~.k.js?dpl=dpl_9hVx9omuy9RfeTo5kHjRUi1aNuPQ:6:6093)
    at ea (https://frontend-assets.supabase.com/studio/7bd061a67016/_next/static/chunks/02wmul50qf~.k.js?dpl=dpl_9hVx9omuy9RfeTo5kHjRUi1aNuPQ:6:11438)
    at es (https://frontend-assets.supabase.com/studio/7bd061a67016/_next/static/chunks/02wmul50qf~.k.js?dpl=dpl_9hVx9omuy9RfeTo5kHjRUi1aNuPQ:6:10966)
    at r (https://frontend-assets.supabase.com/studio/7bd061a67016/_next/static/chunks/02wmul50qf~.k.js?dpl=dpl_9hVx9omuy9RfeTo5kHjRUi1aNuPQ:19:24997)
    at async https://frontend-assets.supabase.com/studio/7bd061a67016/_next/static/chunks/02wmul50qf~.k.js?dpl=dpl_9hVx9omuy9RfeTo5kHjRUi1aNuPQ:19:25253 @ https://frontend-assets.supabase.com/studio/7bd061a67016/_next/static/chunks/0s851pjktpv32.js?dpl=dpl_9hVx9omuy9RfeTo5kHjRUi1aNuPQ:12
[ 2017347ms] [ERROR] Failed to load resource: net::ERR_CONNECTION_CLOSED @ https://auth.supabase.io/auth/v1/token?grant_type=refresh_token:0
[ 2017347ms] [ERROR] TypeError: Failed to fetch (auth.supabase.io)
    at https://frontend-assets.supabase.com/studio/7bd061a67016/_next/static/chunks/0s851pjktpv32.js?dpl=dpl_9hVx9omuy9RfeTo5kHjRUi1aNuPQ:13:1799
    at https://ss.supabase.com/4icgbaujh.js?60a389s=aWQ9R1RNLVdDVlJMTU43&page=2:1:670
    at https://ss.supabase.com/4icgbaujh.js?60a389s=aWQ9R1RNLVdDVlJMTU43&page=2:757:632
    at push.U (https://frontend-assets.supabase.com/studio/7bd061a67016/_next/static/chunks/02wmul50qf~.k.js?dpl=dpl_9hVx9omuy9RfeTo5kHjRUi1aNuPQ:6:6093)
    at ea (https://frontend-assets.supabase.com/studio/7bd061a67016/_next/static/chunks/02wmul50qf~.k.js?dpl=dpl_9hVx9omuy9RfeTo5kHjRUi1aNuPQ:6:11438)
    at es (https://frontend-assets.supabase.com/studio/7bd061a67016/_next/static/chunks/02wmul50qf~.k.js?dpl=dpl_9hVx9omuy9RfeTo5kHjRUi1aNuPQ:6:10966)
    at r (https://frontend-assets.supabase.com/studio/7bd061a67016/_next/static/chunks/02wmul50qf~.k.js?dpl=dpl_9hVx9omuy9RfeTo5kHjRUi1aNuPQ:19:24997)
    at https://frontend-assets.supabase.com/studio/7bd061a67016/_next/static/chunks/02wmul50qf~.k.js?dpl=dpl_9hVx9omuy9RfeTo5kHjRUi1aNuPQ:19:25259
    at https://frontend-assets.supabase.com/studio/7bd061a67016/_next/static/chunks/02wmul50qf~.k.js?dpl=dpl_9hVx9omuy9RfeTo5kHjRUi1aNuPQ:19:25336
    at new Promise (<anonymous>)
    at eU._refreshAccessToken (https://frontend-assets.supabase.com/studio/7bd061a67016/_next/static/chunks/02wmul50qf~.k.js?dpl=dpl_9hVx9omuy9RfeTo5kHjRUi1aNuPQ:19:25190)
    at eU._callRefreshToken (https://frontend-assets.supabase.com/studio/7bd061a67016/_next/static/chunks/02wmul50qf~.k.js?dpl=dpl_9hVx9omuy9RfeTo5kHjRUi1aNuPQ:19:27926)
    at eU.__loadSession (https://frontend-assets.supabase.com/studio/7bd061a67016/_next/static/chunks/02wmul50qf~.k.js?dpl=dpl_9hVx9omuy9RfeTo5kHjRUi1aNuPQ:19:14191)
    at async eU._useSession (https://frontend-assets.supabase.com/studio/7bd061a67016/_next/static/chunks/02wmul50qf~.k.js?dpl=dpl_9hVx9omuy9RfeTo5kHjRUi1aNuPQ:19:12392)
    at async https://frontend-assets.supabase.com/studio/7bd061a67016/_next/static/chunks/02wmul50qf~.k.js?dpl=dpl_9hVx9omuy9RfeTo5kHjRUi1aNuPQ:19:31166
    at async https://frontend-assets.supabase.com/studio/7bd061a67016/_next/static/chunks/02wmul50qf~.k.js?dpl=dpl_9hVx9omuy9RfeTo5kHjRUi1aNuPQ:19:11706 @ https://frontend-assets.supabase.com/studio/7bd061a67016/_next/static/chunks/0s851pjktpv32.js?dpl=dpl_9hVx9omuy9RfeTo5kHjRUi1aNuPQ:12
[ 2027558ms] [ERROR] Failed to load resource: net::ERR_CONNECTION_CLOSED @ https://auth.supabase.io/auth/v1/token?grant_type=refresh_token:0
[ 2027559ms] [ERROR] TypeError: Failed to fetch (auth.supabase.io)
    at https://frontend-assets.supabase.com/studio/7bd061a67016/_next/static/chunks/0s851pjktpv32.js?dpl=dpl_9hVx9omuy9RfeTo5kHjRUi1aNuPQ:13:1799
    at https://ss.supabase.com/4icgbaujh.js?60a389s=aWQ9R1RNLVdDVlJMTU43&page=2:1:670
    at https://ss.supabase.com/4icgbaujh.js?60a389s=aWQ9R1RNLVdDVlJMTU43&page=2:757:632
    at push.U (https://frontend-assets.supabase.com/studio/7bd061a67016/_next/static/chunks/02wmul50qf~.k.js?dpl=dpl_9hVx9omuy9RfeTo5kHjRUi1aNuPQ:6:6093)
    at ea (https://frontend-assets.supabase.com/studio/7bd061a67016/_next/static/chunks/02wmul50qf~.k.js?dpl=dpl_9hVx9omuy9RfeTo5kHjRUi1aNuPQ:6:11438)
    at es (https://frontend-assets.supabase.com/studio/7bd061a67016/_next/static/chunks/02wmul50qf~.k.js?dpl=dpl_9hVx9omuy9RfeTo5kHjRUi1aNuPQ:6:10966)
    at r (https://frontend-assets.supabase.com/studio/7bd061a67016/_next/static/chunks/02wmul50qf~.k.js?dpl=dpl_9hVx9omuy9RfeTo5kHjRUi1aNuPQ:19:24997)
    at async https://frontend-assets.supabase.com/studio/7bd061a67016/_next/static/chunks/02wmul50qf~.k.js?dpl=dpl_9hVx9omuy9RfeTo5kHjRUi1aNuPQ:19:25253 @ https://frontend-assets.supabase.com/studio/7bd061a67016/_next/static/chunks/0s851pjktpv32.js?dpl=dpl_9hVx9omuy9RfeTo5kHjRUi1aNuPQ:12
[ 2037973ms] [ERROR] Failed to load resource: net::ERR_CONNECTION_CLOSED @ https://auth.supabase.io/auth/v1/token?grant_type=refresh_token:0
[ 2037973ms] [ERROR] TypeError: Failed to fetch (auth.supabase.io)
    at https://frontend-assets.supabase.com/studio/7bd061a67016/_next/static/chunks/0s851pjktpv32.js?dpl=dpl_9hVx9omuy9RfeTo5kHjRUi1aNuPQ:13:1799
    at https://ss.supabase.com/4icgbaujh.js?60a389s=aWQ9R1RNLVdDVlJMTU43&page=2:1:670
    at https://ss.supabase.com/4icgbaujh.js?60a389s=aWQ9R1RNLVdDVlJMTU43&page=2:757:632
    at push.U (https://frontend-assets.supabase.com/studio/7bd061a67016/_next/static/chunks/02wmul50qf~.k.js?dpl=dpl_9hVx9omuy9RfeTo5kHjRUi1aNuPQ:6:6093)
    at ea (https://frontend-assets.supabase.com/studio/7bd061a67016/_next/static/chunks/02wmul50qf~.k.js?dpl=dpl_9hVx9omuy9RfeTo5kHjRUi1aNuPQ:6:11438)
    at es (https://frontend-assets.supabase.com/studio/7bd061a67016/_next/static/chunks/02wmul50qf~.k.js?dpl=dpl_9hVx9omuy9RfeTo5kHjRUi1aNuPQ:6:10966)
    at r (https://frontend-assets.supabase.com/studio/7bd061a67016/_next/static/chunks/02wmul50qf~.k.js?dpl=dpl_9hVx9omuy9RfeTo5kHjRUi1aNuPQ:19:24997)
    at async https://frontend-assets.supabase.com/studio/7bd061a67016/_next/static/chunks/02wmul50qf~.k.js?dpl=dpl_9hVx9omuy9RfeTo5kHjRUi1aNuPQ:19:25253 @ https://frontend-assets.supabase.com/studio/7bd061a67016/_next/static/chunks/0s851pjktpv32.js?dpl=dpl_9hVx9omuy9RfeTo5kHjRUi1aNuPQ:12
[ 2047979ms] [ERROR] Failed to load resource: net::ERR_CONNECTION_CLOSED @ https://auth.supabase.io/auth/v1/token?grant_type=refresh_token:0
[ 2047980ms] [ERROR] TypeError: Failed to fetch (auth.supabase.io)
    at https://frontend-assets.supabase.com/studio/7bd061a67016/_next/static/chunks/0s851pjktpv32.js?dpl=dpl_9hVx9omuy9RfeTo5kHjRUi1aNuPQ:13:1799
    at https://ss.supabase.com/4icgbaujh.js?60a389s=aWQ9R1RNLVdDVlJMTU43&page=2:1:670
    at https://ss.supabase.com/4icgbaujh.js?60a389s=aWQ9R1RNLVdDVlJMTU43&page=2:757:632
    at push.U (https://frontend-assets.supabase.com/studio/7bd061a67016/_next/static/chunks/02wmul50qf~.k.js?dpl=dpl_9hVx9omuy9RfeTo5kHjRUi1aNuPQ:6:6093)
    at ea (https://frontend-assets.supabase.com/studio/7bd061a67016/_next/static/chunks/02wmul50qf~.k.js?dpl=dpl_9hVx9omuy9RfeTo5kHjRUi1aNuPQ:6:11438)
    at es (https://frontend-assets.supabase.com/studio/7bd061a67016/_next/static/chunks/02wmul50qf~.k.js?dpl=dpl_9hVx9omuy9RfeTo5kHjRUi1aNuPQ:6:10966)
    at r (https://frontend-assets.supabase.com/studio/7bd061a67016/_next/static/chunks/02wmul50qf~.k.js?dpl=dpl_9hVx9omuy9RfeTo5kHjRUi1aNuPQ:19:24997)
    at https://frontend-assets.supabase.com/studio/7bd061a67016/_next/static/chunks/02wmul50qf~.k.js?dpl=dpl_9hVx9omuy9RfeTo5kHjRUi1aNuPQ:19:25259
    at https://frontend-assets.supabase.com/studio/7bd061a67016/_next/static/chunks/02wmul50qf~.k.js?dpl=dpl_9hVx9omuy9RfeTo5kHjRUi1aNuPQ:19:25336
    at new Promise (<anonymous>)
    at eU._refreshAccessToken (https://frontend-assets.supabase.com/studio/7bd061a67016/_next/static/chunks/02wmul50qf~.k.js?dpl=dpl_9hVx9omuy9RfeTo5kHjRUi1aNuPQ:19:25190)
    at eU._callRefreshToken (https://frontend-assets.supabase.com/studio/7bd061a67016/_next/static/chunks/02wmul50qf~.k.js?dpl=dpl_9hVx9omuy9RfeTo5kHjRUi1aNuPQ:19:27926)
    at eU.__loadSession (https://frontend-assets.supabase.com/studio/7bd061a67016/_next/static/chunks/02wmul50qf~.k.js?dpl=dpl_9hVx9omuy9RfeTo5kHjRUi1aNuPQ:19:14191)
    at async eU._useSession (https://frontend-assets.supabase.com/studio/7bd061a67016/_next/static/chunks/02wmul50qf~.k.js?dpl=dpl_9hVx9omuy9RfeTo5kHjRUi1aNuPQ:19:12392)
    at async https://frontend-assets.supabase.com/studio/7bd061a67016/_next/static/chunks/02wmul50qf~.k.js?dpl=dpl_9hVx9omuy9RfeTo5kHjRUi1aNuPQ:19:31166
    at async https://frontend-assets.supabase.com/studio/7bd061a67016/_next/static/chunks/02wmul50qf~.k.js?dpl=dpl_9hVx9omuy9RfeTo5kHjRUi1aNuPQ:19:11706 @ https://frontend-assets.supabase.com/studio/7bd061a67016/_next/static/chunks/0s851pjktpv32.js?dpl=dpl_9hVx9omuy9RfeTo5kHjRUi1aNuPQ:12
[ 2058201ms] [ERROR] Failed to load resource: net::ERR_CONNECTION_CLOSED @ https://auth.supabase.io/auth/v1/token?grant_type=refresh_token:0
[ 2058201ms] [ERROR] TypeError: Failed to fetch (auth.supabase.io)
    at https://frontend-assets.supabase.com/studio/7bd061a67016/_next/static/chunks/0s851pjktpv32.js?dpl=dpl_9hVx9omuy9RfeTo5kHjRUi1aNuPQ:13:1799
    at https://ss.supabase.com/4icgbaujh.js?60a389s=aWQ9R1RNLVdDVlJMTU43&page=2:1:670
    at https://ss.supabase.com/4icgbaujh.js?60a389s=aWQ9R1RNLVdDVlJMTU43&page=2:757:632
    at push.U (https://frontend-assets.supabase.com/studio/7bd061a67016/_next/static/chunks/02wmul50qf~.k.js?dpl=dpl_9hVx9omuy9RfeTo5kHjRUi1aNuPQ:6:6093)
    at ea (https://frontend-assets.supabase.com/studio/7bd061a67016/_next/static/chunks/02wmul50qf~.k.js?dpl=dpl_9hVx9omuy9RfeTo5kHjRUi1aNuPQ:6:11438)
    at es (https://frontend-assets.supabase.com/studio/7bd061a67016/_next/static/chunks/02wmul50qf~.k.js?dpl=dpl_9hVx9omuy9RfeTo5kHjRUi1aNuPQ:6:10966)
    at r (https://frontend-assets.supabase.com/studio/7bd061a67016/_next/static/chunks/02wmul50qf~.k.js?dpl=dpl_9hVx9omuy9RfeTo5kHjRUi1aNuPQ:19:24997)
    at async https://frontend-assets.supabase.com/studio/7bd061a67016/_next/static/chunks/02wmul50qf~.k.js?dpl=dpl_9hVx9omuy9RfeTo5kHjRUi1aNuPQ:19:25253 @ https://frontend-assets.supabase.com/studio/7bd061a67016/_next/static/chunks/0s851pjktpv32.js?dpl=dpl_9hVx9omuy9RfeTo5kHjRUi1aNuPQ:12
[ 2068613ms] [ERROR] Failed to load resource: net::ERR_CONNECTION_CLOSED @ https://auth.supabase.io/auth/v1/token?grant_type=refresh_token:0
[ 2068613ms] [ERROR] TypeError: Failed to fetch (auth.supabase.io)
    at https://frontend-assets.supabase.com/studio/7bd061a67016/_next/static/chunks/0s851pjktpv32.js?dpl=dpl_9hVx9omuy9RfeTo5kHjRUi1aNuPQ:13:1799
    at https://ss.supabase.com/4icgbaujh.js?60a389s=aWQ9R1RNLVdDVlJMTU43&page=2:1:670
    at https://ss.supabase.com/4icgbaujh.js?60a389s=aWQ9R1RNLVdDVlJMTU43&page=2:757:632
    at push.U (https://frontend-assets.supabase.com/studio/7bd061a67016/_next/static/chunks/02wmul50qf~.k.js?dpl=dpl_9hVx9omuy9RfeTo5kHjRUi1aNuPQ:6:6093)
    at ea (https://frontend-assets.supabase.com/studio/7bd061a67016/_next/static/chunks/02wmul50qf~.k.js?dpl=dpl_9hVx9omuy9RfeTo5kHjRUi1aNuPQ:6:11438)
    at es (https://frontend-assets.supabase.com/studio/7bd061a67016/_next/static/chunks/02wmul50qf~.k.js?dpl=dpl_9hVx9omuy9RfeTo5kHjRUi1aNuPQ:6:10966)
    at r (https://frontend-assets.supabase.com/studio/7bd061a67016/_next/static/chunks/02wmul50qf~.k.js?dpl=dpl_9hVx9omuy9RfeTo5kHjRUi1aNuPQ:19:24997)
    at async https://frontend-assets.supabase.com/studio/7bd061a67016/_next/static/chunks/02wmul50qf~.k.js?dpl=dpl_9hVx9omuy9RfeTo5kHjRUi1aNuPQ:19:25253 @ https://frontend-assets.supabase.com/studio/7bd061a67016/_next/static/chunks/0s851pjktpv32.js?dpl=dpl_9hVx9omuy9RfeTo5kHjRUi1aNuPQ:12
[ 2078619ms] [ERROR] Failed to load resource: net::ERR_CONNECTION_CLOSED @ https://auth.supabase.io/auth/v1/token?grant_type=refresh_token:0
[ 2078619ms] [ERROR] TypeError: Failed to fetch (auth.supabase.io)
    at https://frontend-assets.supabase.com/studio/7bd061a67016/_next/static/chunks/0s851pjktpv32.js?dpl=dpl_9hVx9omuy9RfeTo5kHjRUi1aNuPQ:13:1799
    at https://ss.supabase.com/4icgbaujh.js?60a389s=aWQ9R1RNLVdDVlJMTU43&page=2:1:670
    at https://ss.supabase.com/4icgbaujh.js?60a389s=aWQ9R1RNLVdDVlJMTU43&page=2:757:632
    at push.U (https://frontend-assets.supabase.com/studio/7bd061a67016/_next/static/chunks/02wmul50qf~.k.js?dpl=dpl_9hVx9omuy9RfeTo5kHjRUi1aNuPQ:6:6093)
    at ea (https://frontend-assets.supabase.com/studio/7bd061a67016/_next/static/chunks/02wmul50qf~.k.js?dpl=dpl_9hVx9omuy9RfeTo5kHjRUi1aNuPQ:6:11438)
    at es (https://frontend-assets.supabase.com/studio/7bd061a67016/_next/static/chunks/02wmul50qf~.k.js?dpl=dpl_9hVx9omuy9RfeTo5kHjRUi1aNuPQ:6:10966)
    at r (https://frontend-assets.supabase.com/studio/7bd061a67016/_next/static/chunks/02wmul50qf~.k.js?dpl=dpl_9hVx9omuy9RfeTo5kHjRUi1aNuPQ:19:24997)
    at https://frontend-assets.supabase.com/studio/7bd061a67016/_next/static/chunks/02wmul50qf~.k.js?dpl=dpl_9hVx9omuy9RfeTo5kHjRUi1aNuPQ:19:25259
    at https://frontend-assets.supabase.com/studio/7bd061a67016/_next/static/chunks/02wmul50qf~.k.js?dpl=dpl_9hVx9omuy9RfeTo5kHjRUi1aNuPQ:19:25336
    at new Promise (<anonymous>)
    at eU._refreshAccessToken (https://frontend-assets.supabase.com/studio/7bd061a67016/_next/static/chunks/02wmul50qf~.k.js?dpl=dpl_9hVx9omuy9RfeTo5kHjRUi1aNuPQ:19:25190)
    at eU._callRefreshToken (https://frontend-assets.supabase.com/studio/7bd061a67016/_next/static/chunks/02wmul50qf~.k.js?dpl=dpl_9hVx9omuy9RfeTo5kHjRUi1aNuPQ:19:27926)
    at eU.__loadSession (https://frontend-assets.supabase.com/studio/7bd061a67016/_next/static/chunks/02wmul50qf~.k.js?dpl=dpl_9hVx9omuy9RfeTo5kHjRUi1aNuPQ:19:14191)
    at async eU._useSession (https://frontend-assets.supabase.com/studio/7bd061a67016/_next/static/chunks/02wmul50qf~.k.js?dpl=dpl_9hVx9omuy9RfeTo5kHjRUi1aNuPQ:19:12392)
    at async https://frontend-assets.supabase.com/studio/7bd061a67016/_next/static/chunks/02wmul50qf~.k.js?dpl=dpl_9hVx9omuy9RfeTo5kHjRUi1aNuPQ:19:31166
    at async https://frontend-assets.supabase.com/studio/7bd061a67016/_next/static/chunks/02wmul50qf~.k.js?dpl=dpl_9hVx9omuy9RfeTo5kHjRUi1aNuPQ:19:11706 @ https://frontend-assets.supabase.com/studio/7bd061a67016/_next/static/chunks/0s851pjktpv32.js?dpl=dpl_9hVx9omuy9RfeTo5kHjRUi1aNuPQ:12
[ 2088848ms] [ERROR] Failed to load resource: net::ERR_CONNECTION_CLOSED @ https://auth.supabase.io/auth/v1/token?grant_type=refresh_token:0
[ 2088849ms] [ERROR] TypeError: Failed to fetch (auth.supabase.io)
    at https://frontend-assets.supabase.com/studio/7bd061a67016/_next/static/chunks/0s851pjktpv32.js?dpl=dpl_9hVx9omuy9RfeTo5kHjRUi1aNuPQ:13:1799
    at https://ss.supabase.com/4icgbaujh.js?60a389s=aWQ9R1RNLVdDVlJMTU43&page=2:1:670
    at https://ss.supabase.com/4icgbaujh.js?60a389s=aWQ9R1RNLVdDVlJMTU43&page=2:757:632
    at push.U (https://frontend-assets.supabase.com/studio/7bd061a67016/_next/static/chunks/02wmul50qf~.k.js?dpl=dpl_9hVx9omuy9RfeTo5kHjRUi1aNuPQ:6:6093)
    at ea (https://frontend-assets.supabase.com/studio/7bd061a67016/_next/static/chunks/02wmul50qf~.k.js?dpl=dpl_9hVx9omuy9RfeTo5kHjRUi1aNuPQ:6:11438)
    at es (https://frontend-assets.supabase.com/studio/7bd061a67016/_next/static/chunks/02wmul50qf~.k.js?dpl=dpl_9hVx9omuy9RfeTo5kHjRUi1aNuPQ:6:10966)
    at r (https://frontend-assets.supabase.com/studio/7bd061a67016/_next/static/chunks/02wmul50qf~.k.js?dpl=dpl_9hVx9omuy9RfeTo5kHjRUi1aNuPQ:19:24997)
    at async https://frontend-assets.supabase.com/studio/7bd061a67016/_next/static/chunks/02wmul50qf~.k.js?dpl=dpl_9hVx9omuy9RfeTo5kHjRUi1aNuPQ:19:25253 @ https://frontend-assets.supabase.com/studio/7bd061a67016/_next/static/chunks/0s851pjktpv32.js?dpl=dpl_9hVx9omuy9RfeTo5kHjRUi1aNuPQ:12
[ 2099260ms] [ERROR] Failed to load resource: net::ERR_CONNECTION_CLOSED @ https://auth.supabase.io/auth/v1/token?grant_type=refresh_token:0
[ 2099260ms] [ERROR] TypeError: Failed to fetch (auth.supabase.io)
    at https://frontend-assets.supabase.com/studio/7bd061a67016/_next/static/chunks/0s851pjktpv32.js?dpl=dpl_9hVx9omuy9RfeTo5kHjRUi1aNuPQ:13:1799
    at https://ss.supabase.com/4icgbaujh.js?60a389s=aWQ9R1RNLVdDVlJMTU43&page=2:1:670
    at https://ss.supabase.com/4icgbaujh.js?60a389s=aWQ9R1RNLVdDVlJMTU43&page=2:757:632
    at push.U (https://frontend-assets.supabase.com/studio/7bd061a67016/_next/static/chunks/02wmul50qf~.k.js?dpl=dpl_9hVx9omuy9RfeTo5kHjRUi1aNuPQ:6:6093)
    at ea (https://frontend-assets.supabase.com/studio/7bd061a67016/_next/static/chunks/02wmul50qf~.k.js?dpl=dpl_9hVx9omuy9RfeTo5kHjRUi1aNuPQ:6:11438)
    at es (https://frontend-assets.supabase.com/studio/7bd061a67016/_next/static/chunks/02wmul50qf~.k.js?dpl=dpl_9hVx9omuy9RfeTo5kHjRUi1aNuPQ:6:10966)
    at r (https://frontend-assets.supabase.com/studio/7bd061a67016/_next/static/chunks/02wmul50qf~.k.js?dpl=dpl_9hVx9omuy9RfeTo5kHjRUi1aNuPQ:19:24997)
    at async https://frontend-assets.supabase.com/studio/7bd061a67016/_next/static/chunks/02wmul50qf~.k.js?dpl=dpl_9hVx9omuy9RfeTo5kHjRUi1aNuPQ:19:25253 @ https://frontend-assets.supabase.com/studio/7bd061a67016/_next/static/chunks/0s851pjktpv32.js?dpl=dpl_9hVx9omuy9RfeTo5kHjRUi1aNuPQ:12
[ 2109264ms] [ERROR] Failed to load resource: net::ERR_CONNECTION_CLOSED @ https://auth.supabase.io/auth/v1/token?grant_type=refresh_token:0
[ 2109264ms] [ERROR] TypeError: Failed to fetch (auth.supabase.io)
    at https://frontend-assets.supabase.com/studio/7bd061a67016/_next/static/chunks/0s851pjktpv32.js?dpl=dpl_9hVx9omuy9RfeTo5kHjRUi1aNuPQ:13:1799
    at https://ss.supabase.com/4icgbaujh.js?60a389s=aWQ9R1RNLVdDVlJMTU43&page=2:1:670
    at https://ss.supabase.com/4icgbaujh.js?60a389s=aWQ9R1RNLVdDVlJMTU43&page=2:757:632
    at push.U (https://frontend-assets.supabase.com/studio/7bd061a67016/_next/static/chunks/02wmul50qf~.k.js?dpl=dpl_9hVx9omuy9RfeTo5kHjRUi1aNuPQ:6:6093)
    at ea (https://frontend-assets.supabase.com/studio/7bd061a67016/_next/static/chunks/02wmul50qf~.k.js?dpl=dpl_9hVx9omuy9RfeTo5kHjRUi1aNuPQ:6:11438)
    at es (https://frontend-assets.supabase.com/studio/7bd061a67016/_next/static/chunks/02wmul50qf~.k.js?dpl=dpl_9hVx9omuy9RfeTo5kHjRUi1aNuPQ:6:10966)
    at r (https://frontend-assets.supabase.com/studio/7bd061a67016/_next/static/chunks/02wmul50qf~.k.js?dpl=dpl_9hVx9omuy9RfeTo5kHjRUi1aNuPQ:19:24997)
    at https://frontend-assets.supabase.com/studio/7bd061a67016/_next/static/chunks/02wmul50qf~.k.js?dpl=dpl_9hVx9omuy9RfeTo5kHjRUi1aNuPQ:19:25259
    at https://frontend-assets.supabase.com/studio/7bd061a67016/_next/static/chunks/02wmul50qf~.k.js?dpl=dpl_9hVx9omuy9RfeTo5kHjRUi1aNuPQ:19:25336
    at new Promise (<anonymous>)
    at eU._refreshAccessToken (https://frontend-assets.supabase.com/studio/7bd061a67016/_next/static/chunks/02wmul50qf~.k.js?dpl=dpl_9hVx9omuy9RfeTo5kHjRUi1aNuPQ:19:25190)
    at eU._callRefreshToken (https://frontend-assets.supabase.com/studio/7bd061a67016/_next/static/chunks/02wmul50qf~.k.js?dpl=dpl_9hVx9omuy9RfeTo5kHjRUi1aNuPQ:19:27926)
    at eU.__loadSession (https://frontend-assets.supabase.com/studio/7bd061a67016/_next/static/chunks/02wmul50qf~.k.js?dpl=dpl_9hVx9omuy9RfeTo5kHjRUi1aNuPQ:19:14191)
    at async eU._useSession (https://frontend-assets.supabase.com/studio/7bd061a67016/_next/static/chunks/02wmul50qf~.k.js?dpl=dpl_9hVx9omuy9RfeTo5kHjRUi1aNuPQ:19:12392)
    at async https://frontend-assets.supabase.com/studio/7bd061a67016/_next/static/chunks/02wmul50qf~.k.js?dpl=dpl_9hVx9omuy9RfeTo5kHjRUi1aNuPQ:19:31166
    at async https://frontend-assets.supabase.com/studio/7bd061a67016/_next/static/chunks/02wmul50qf~.k.js?dpl=dpl_9hVx9omuy9RfeTo5kHjRUi1aNuPQ:19:11706 @ https://frontend-assets.supabase.com/studio/7bd061a67016/_next/static/chunks/0s851pjktpv32.js?dpl=dpl_9hVx9omuy9RfeTo5kHjRUi1aNuPQ:12
[ 2119480ms] [ERROR] Failed to load resource: net::ERR_CONNECTION_CLOSED @ https://auth.supabase.io/auth/v1/token?grant_type=refresh_token:0
[ 2119481ms] [ERROR] TypeError: Failed to fetch (auth.supabase.io)
    at https://frontend-assets.supabase.com/studio/7bd061a67016/_next/static/chunks/0s851pjktpv32.js?dpl=dpl_9hVx9omuy9RfeTo5kHjRUi1aNuPQ:13:1799
    at https://ss.supabase.com/4icgbaujh.js?60a389s=aWQ9R1RNLVdDVlJMTU43&page=2:1:670
    at https://ss.supabase.com/4icgbaujh.js?60a389s=aWQ9R1RNLVdDVlJMTU43&page=2:757:632
    at push.U (https://frontend-assets.supabase.com/studio/7bd061a67016/_next/static/chunks/02wmul50qf~.k.js?dpl=dpl_9hVx9omuy9RfeTo5kHjRUi1aNuPQ:6:6093)
    at ea (https://frontend-assets.supabase.com/studio/7bd061a67016/_next/static/chunks/02wmul50qf~.k.js?dpl=dpl_9hVx9omuy9RfeTo5kHjRUi1aNuPQ:6:11438)
    at es (https://frontend-assets.supabase.com/studio/7bd061a67016/_next/static/chunks/02wmul50qf~.k.js?dpl=dpl_9hVx9omuy9RfeTo5kHjRUi1aNuPQ:6:10966)
    at r (https://frontend-assets.supabase.com/studio/7bd061a67016/_next/static/chunks/02wmul50qf~.k.js?dpl=dpl_9hVx9omuy9RfeTo5kHjRUi1aNuPQ:19:24997)
    at async https://frontend-assets.supabase.com/studio/7bd061a67016/_next/static/chunks/02wmul50qf~.k.js?dpl=dpl_9hVx9omuy9RfeTo5kHjRUi1aNuPQ:19:25253 @ https://frontend-assets.supabase.com/studio/7bd061a67016/_next/static/chunks/0s851pjktpv32.js?dpl=dpl_9hVx9omuy9RfeTo5kHjRUi1aNuPQ:12
[ 2129889ms] [ERROR] Failed to load resource: net::ERR_CONNECTION_CLOSED @ https://auth.supabase.io/auth/v1/token?grant_type=refresh_token:0
[ 2129889ms] [ERROR] TypeError: Failed to fetch (auth.supabase.io)
    at https://frontend-assets.supabase.com/studio/7bd061a67016/_next/static/chunks/0s851pjktpv32.js?dpl=dpl_9hVx9omuy9RfeTo5kHjRUi1aNuPQ:13:1799
    at https://ss.supabase.com/4icgbaujh.js?60a389s=aWQ9R1RNLVdDVlJMTU43&page=2:1:670
    at https://ss.supabase.com/4icgbaujh.js?60a389s=aWQ9R1RNLVdDVlJMTU43&page=2:757:632
    at push.U (https://frontend-assets.supabase.com/studio/7bd061a67016/_next/static/chunks/02wmul50qf~.k.js?dpl=dpl_9hVx9omuy9RfeTo5kHjRUi1aNuPQ:6:6093)
    at ea (https://frontend-assets.supabase.com/studio/7bd061a67016/_next/static/chunks/02wmul50qf~.k.js?dpl=dpl_9hVx9omuy9RfeTo5kHjRUi1aNuPQ:6:11438)
    at es (https://frontend-assets.supabase.com/studio/7bd061a67016/_next/static/chunks/02wmul50qf~.k.js?dpl=dpl_9hVx9omuy9RfeTo5kHjRUi1aNuPQ:6:10966)
    at r (https://frontend-assets.supabase.com/studio/7bd061a67016/_next/static/chunks/02wmul50qf~.k.js?dpl=dpl_9hVx9omuy9RfeTo5kHjRUi1aNuPQ:19:24997)
    at async https://frontend-assets.supabase.com/studio/7bd061a67016/_next/static/chunks/02wmul50qf~.k.js?dpl=dpl_9hVx9omuy9RfeTo5kHjRUi1aNuPQ:19:25253 @ https://frontend-assets.supabase.com/studio/7bd061a67016/_next/static/chunks/0s851pjktpv32.js?dpl=dpl_9hVx9omuy9RfeTo5kHjRUi1aNuPQ:12
[ 2139897ms] [ERROR] Failed to load resource: net::ERR_CONNECTION_CLOSED @ https://auth.supabase.io/auth/v1/token?grant_type=refresh_token:0
[ 2139898ms] [ERROR] TypeError: Failed to fetch (auth.supabase.io)
    at https://frontend-assets.supabase.com/studio/7bd061a67016/_next/static/chunks/0s851pjktpv32.js?dpl=dpl_9hVx9omuy9RfeTo5kHjRUi1aNuPQ:13:1799
    at https://ss.supabase.com/4icgbaujh.js?60a389s=aWQ9R1RNLVdDVlJMTU43&page=2:1:670
    at https://ss.supabase.com/4icgbaujh.js?60a389s=aWQ9R1RNLVdDVlJMTU43&page=2:757:632
    at push.U (https://frontend-assets.supabase.com/studio/7bd061a67016/_next/static/chunks/02wmul50qf~.k.js?dpl=dpl_9hVx9omuy9RfeTo5kHjRUi1aNuPQ:6:6093)
    at ea (https://frontend-assets.supabase.com/studio/7bd061a67016/_next/static/chunks/02wmul50qf~.k.js?dpl=dpl_9hVx9omuy9RfeTo5kHjRUi1aNuPQ:6:11438)
    at es (https://frontend-assets.supabase.com/studio/7bd061a67016/_next/static/chunks/02wmul50qf~.k.js?dpl=dpl_9hVx9omuy9RfeTo5kHjRUi1aNuPQ:6:10966)
    at r (https://frontend-assets.supabase.com/studio/7bd061a67016/_next/static/chunks/02wmul50qf~.k.js?dpl=dpl_9hVx9omuy9RfeTo5kHjRUi1aNuPQ:19:24997)
    at https://frontend-assets.supabase.com/studio/7bd061a67016/_next/static/chunks/02wmul50qf~.k.js?dpl=dpl_9hVx9omuy9RfeTo5kHjRUi1aNuPQ:19:25259
    at https://frontend-assets.supabase.com/studio/7bd061a67016/_next/static/chunks/02wmul50qf~.k.js?dpl=dpl_9hVx9omuy9RfeTo5kHjRUi1aNuPQ:19:25336
    at new Promise (<anonymous>)
    at eU._refreshAccessToken (https://frontend-assets.supabase.com/studio/7bd061a67016/_next/static/chunks/02wmul50qf~.k.js?dpl=dpl_9hVx9omuy9RfeTo5kHjRUi1aNuPQ:19:25190)
    at eU._callRefreshToken (https://frontend-assets.supabase.com/studio/7bd061a67016/_next/static/chunks/02wmul50qf~.k.js?dpl=dpl_9hVx9omuy9RfeTo5kHjRUi1aNuPQ:19:27926)
    at eU.__loadSession (https://frontend-assets.supabase.com/studio/7bd061a67016/_next/static/chunks/02wmul50qf~.k.js?dpl=dpl_9hVx9omuy9RfeTo5kHjRUi1aNuPQ:19:14191)
    at async eU._useSession (https://frontend-assets.supabase.com/studio/7bd061a67016/_next/static/chunks/02wmul50qf~.k.js?dpl=dpl_9hVx9omuy9RfeTo5kHjRUi1aNuPQ:19:12392)
    at async https://frontend-assets.supabase.com/studio/7bd061a67016/_next/static/chunks/02wmul50qf~.k.js?dpl=dpl_9hVx9omuy9RfeTo5kHjRUi1aNuPQ:19:31166
    at async https://frontend-assets.supabase.com/studio/7bd061a67016/_next/static/chunks/02wmul50qf~.k.js?dpl=dpl_9hVx9omuy9RfeTo5kHjRUi1aNuPQ:19:11706 @ https://frontend-assets.supabase.com/studio/7bd061a67016/_next/static/chunks/0s851pjktpv32.js?dpl=dpl_9hVx9omuy9RfeTo5kHjRUi1aNuPQ:12
[ 2150115ms] [ERROR] Failed to load resource: net::ERR_CONNECTION_CLOSED @ https://auth.supabase.io/auth/v1/token?grant_type=refresh_token:0
[ 2150115ms] [ERROR] TypeError: Failed to fetch (auth.supabase.io)
    at https://frontend-assets.supabase.com/studio/7bd061a67016/_next/static/chunks/0s851pjktpv32.js?dpl=dpl_9hVx9omuy9RfeTo5kHjRUi1aNuPQ:13:1799
    at https://ss.supabase.com/4icgbaujh.js?60a389s=aWQ9R1RNLVdDVlJMTU43&page=2:1:670
    at https://ss.supabase.com/4icgbaujh.js?60a389s=aWQ9R1RNLVdDVlJMTU43&page=2:757:632
    at push.U (https://frontend-assets.supabase.com/studio/7bd061a67016/_next/static/chunks/02wmul50qf~.k.js?dpl=dpl_9hVx9omuy9RfeTo5kHjRUi1aNuPQ:6:6093)
    at ea (https://frontend-assets.supabase.com/studio/7bd061a67016/_next/static/chunks/02wmul50qf~.k.js?dpl=dpl_9hVx9omuy9RfeTo5kHjRUi1aNuPQ:6:11438)
    at es (https://frontend-assets.supabase.com/studio/7bd061a67016/_next/static/chunks/02wmul50qf~.k.js?dpl=dpl_9hVx9omuy9RfeTo5kHjRUi1aNuPQ:6:10966)
    at r (https://frontend-assets.supabase.com/studio/7bd061a67016/_next/static/chunks/02wmul50qf~.k.js?dpl=dpl_9hVx9omuy9RfeTo5kHjRUi1aNuPQ:19:24997)
    at async https://frontend-assets.supabase.com/studio/7bd061a67016/_next/static/chunks/02wmul50qf~.k.js?dpl=dpl_9hVx9omuy9RfeTo5kHjRUi1aNuPQ:19:25253 @ https://frontend-assets.supabase.com/studio/7bd061a67016/_next/static/chunks/0s851pjktpv32.js?dpl=dpl_9hVx9omuy9RfeTo5kHjRUi1aNuPQ:12
[ 2160523ms] [ERROR] Failed to load resource: net::ERR_CONNECTION_CLOSED @ https://auth.supabase.io/auth/v1/token?grant_type=refresh_token:0
[ 2160524ms] [ERROR] TypeError: Failed to fetch (auth.supabase.io)
    at https://frontend-assets.supabase.com/studio/7bd061a67016/_next/static/chunks/0s851pjktpv32.js?dpl=dpl_9hVx9omuy9RfeTo5kHjRUi1aNuPQ:13:1799
    at https://ss.supabase.com/4icgbaujh.js?60a389s=aWQ9R1RNLVdDVlJMTU43&page=2:1:670
    at https://ss.supabase.com/4icgbaujh.js?60a389s=aWQ9R1RNLVdDVlJMTU43&page=2:757:632
    at push.U (https://frontend-assets.supabase.com/studio/7bd061a67016/_next/static/chunks/02wmul50qf~.k.js?dpl=dpl_9hVx9omuy9RfeTo5kHjRUi1aNuPQ:6:6093)
    at ea (https://frontend-assets.supabase.com/studio/7bd061a67016/_next/static/chunks/02wmul50qf~.k.js?dpl=dpl_9hVx9omuy9RfeTo5kHjRUi1aNuPQ:6:11438)
    at es (https://frontend-assets.supabase.com/studio/7bd061a67016/_next/static/chunks/02wmul50qf~.k.js?dpl=dpl_9hVx9omuy9RfeTo5kHjRUi1aNuPQ:6:10966)
    at r (https://frontend-assets.supabase.com/studio/7bd061a67016/_next/static/chunks/02wmul50qf~.k.js?dpl=dpl_9hVx9omuy9RfeTo5kHjRUi1aNuPQ:19:24997)
    at async https://frontend-assets.supabase.com/studio/7bd061a67016/_next/static/chunks/02wmul50qf~.k.js?dpl=dpl_9hVx9omuy9RfeTo5kHjRUi1aNuPQ:19:25253 @ https://frontend-assets.supabase.com/studio/7bd061a67016/_next/static/chunks/0s851pjktpv32.js?dpl=dpl_9hVx9omuy9RfeTo5kHjRUi1aNuPQ:12
[ 2161715ms] [ERROR] ConfigCat - ERROR - [1103] Unexpected error occurred while trying to fetch config JSON. It is most likely due to a local network issue. Please make sure your application can reach the ConfigCat CDN servers (or your proxy server) over HTTP.
Error: Request failed due to a network or protocol error.
    at new t (https://frontend-assets.supabase.com/studio/7bd061a67016/_next/static/chunks/09tx4mw.bw962.js?dpl=dpl_9hVx9omuy9RfeTo5kHjRUi1aNuPQ:5:42870)
    at s.onerror (https://frontend-assets.supabase.com/studio/7bd061a67016/_next/static/chunks/09tx4mw.bw962.js?dpl=dpl_9hVx9omuy9RfeTo5kHjRUi1aNuPQ:5:102181)
    at XMLHttpRequest.r (https://frontend-assets.supabase.com/studio/7bd061a67016/_next/static/chunks/0s851pjktpv32.js?dpl=dpl_9hVx9omuy9RfeTo5kHjRUi1aNuPQ:10:5015) @ https://frontend-assets.supabase.com/studio/7bd061a67016/_next/static/chunks/0s851pjktpv32.js?dpl=dpl_9hVx9omuy9RfeTo5kHjRUi1aNuPQ:12
[ 2161715ms] [ERROR] Failed to load resource: net::ERR_CONNECTION_CLOSED @ https://configcat.supabase.com/configuration-files/configcat-proxy/frontend-v2/config_v6.json?sdk=ConfigCat-JS/a-9.5.1&ccetag=W%2F%225c2ac902c22f90308920cdf768eff258%22:0
[ 2170529ms] [ERROR] Failed to load resource: net::ERR_CONNECTION_CLOSED @ https://auth.supabase.io/auth/v1/token?grant_type=refresh_token:0
[ 2170529ms] [ERROR] TypeError: Failed to fetch (auth.supabase.io)
    at https://frontend-assets.supabase.com/studio/7bd061a67016/_next/static/chunks/0s851pjktpv32.js?dpl=dpl_9hVx9omuy9RfeTo5kHjRUi1aNuPQ:13:1799
    at https://ss.supabase.com/4icgbaujh.js?60a389s=aWQ9R1RNLVdDVlJMTU43&page=2:1:670
    at https://ss.supabase.com/4icgbaujh.js?60a389s=aWQ9R1RNLVdDVlJMTU43&page=2:757:632
    at push.U (https://frontend-assets.supabase.com/studio/7bd061a67016/_next/static/chunks/02wmul50qf~.k.js?dpl=dpl_9hVx9omuy9RfeTo5kHjRUi1aNuPQ:6:6093)
    at ea (https://frontend-assets.supabase.com/studio/7bd061a67016/_next/static/chunks/02wmul50qf~.k.js?dpl=dpl_9hVx9omuy9RfeTo5kHjRUi1aNuPQ:6:11438)
    at es (https://frontend-assets.supabase.com/studio/7bd061a67016/_next/static/chunks/02wmul50qf~.k.js?dpl=dpl_9hVx9omuy9RfeTo5kHjRUi1aNuPQ:6:10966)
    at r (https://frontend-assets.supabase.com/studio/7bd061a67016/_next/static/chunks/02wmul50qf~.k.js?dpl=dpl_9hVx9omuy9RfeTo5kHjRUi1aNuPQ:19:24997)
    at https://frontend-assets.supabase.com/studio/7bd061a67016/_next/static/chunks/02wmul50qf~.k.js?dpl=dpl_9hVx9omuy9RfeTo5kHjRUi1aNuPQ:19:25259
    at https://frontend-assets.supabase.com/studio/7bd061a67016/_next/static/chunks/02wmul50qf~.k.js?dpl=dpl_9hVx9omuy9RfeTo5kHjRUi1aNuPQ:19:25336
    at new Promise (<anonymous>)
    at eU._refreshAccessToken (https://frontend-assets.supabase.com/studio/7bd061a67016/_next/static/chunks/02wmul50qf~.k.js?dpl=dpl_9hVx9omuy9RfeTo5kHjRUi1aNuPQ:19:25190)
    at eU._callRefreshToken (https://frontend-assets.supabase.com/studio/7bd061a67016/_next/static/chunks/02wmul50qf~.k.js?dpl=dpl_9hVx9omuy9RfeTo5kHjRUi1aNuPQ:19:27926)
    at eU.__loadSession (https://frontend-assets.supabase.com/studio/7bd061a67016/_next/static/chunks/02wmul50qf~.k.js?dpl=dpl_9hVx9omuy9RfeTo5kHjRUi1aNuPQ:19:14191)
    at async eU._useSession (https://frontend-assets.supabase.com/studio/7bd061a67016/_next/static/chunks/02wmul50qf~.k.js?dpl=dpl_9hVx9omuy9RfeTo5kHjRUi1aNuPQ:19:12392)
    at async https://frontend-assets.supabase.com/studio/7bd061a67016/_next/static/chunks/02wmul50qf~.k.js?dpl=dpl_9hVx9omuy9RfeTo5kHjRUi1aNuPQ:19:31166
    at async https://frontend-assets.supabase.com/studio/7bd061a67016/_next/static/chunks/02wmul50qf~.k.js?dpl=dpl_9hVx9omuy9RfeTo5kHjRUi1aNuPQ:19:11706 @ https://frontend-assets.supabase.com/studio/7bd061a67016/_next/static/chunks/0s851pjktpv32.js?dpl=dpl_9hVx9omuy9RfeTo5kHjRUi1aNuPQ:12
[ 2180744ms] [ERROR] Failed to load resource: net::ERR_CONNECTION_CLOSED @ https://auth.supabase.io/auth/v1/token?grant_type=refresh_token:0
[ 2180745ms] [ERROR] TypeError: Failed to fetch (auth.supabase.io)
    at https://frontend-assets.supabase.com/studio/7bd061a67016/_next/static/chunks/0s851pjktpv32.js?dpl=dpl_9hVx9omuy9RfeTo5kHjRUi1aNuPQ:13:1799
    at https://ss.supabase.com/4icgbaujh.js?60a389s=aWQ9R1RNLVdDVlJMTU43&page=2:1:670
    at https://ss.supabase.com/4icgbaujh.js?60a389s=aWQ9R1RNLVdDVlJMTU43&page=2:757:632
    at push.U (https://frontend-assets.supabase.com/studio/7bd061a67016/_next/static/chunks/02wmul50qf~.k.js?dpl=dpl_9hVx9omuy9RfeTo5kHjRUi1aNuPQ:6:6093)
    at ea (https://frontend-assets.supabase.com/studio/7bd061a67016/_next/static/chunks/02wmul50qf~.k.js?dpl=dpl_9hVx9omuy9RfeTo5kHjRUi1aNuPQ:6:11438)
    at es (https://frontend-assets.supabase.com/studio/7bd061a67016/_next/static/chunks/02wmul50qf~.k.js?dpl=dpl_9hVx9omuy9RfeTo5kHjRUi1aNuPQ:6:10966)
    at r (https://frontend-assets.supabase.com/studio/7bd061a67016/_next/static/chunks/02wmul50qf~.k.js?dpl=dpl_9hVx9omuy9RfeTo5kHjRUi1aNuPQ:19:24997)
    at async https://frontend-assets.supabase.com/studio/7bd061a67016/_next/static/chunks/02wmul50qf~.k.js?dpl=dpl_9hVx9omuy9RfeTo5kHjRUi1aNuPQ:19:25253 @ https://frontend-assets.supabase.com/studio/7bd061a67016/_next/static/chunks/0s851pjktpv32.js?dpl=dpl_9hVx9omuy9RfeTo5kHjRUi1aNuPQ:12
[ 2191176ms] [ERROR] Failed to load resource: net::ERR_CONNECTION_CLOSED @ https://auth.supabase.io/auth/v1/token?grant_type=refresh_token:0
[ 2191176ms] [ERROR] TypeError: Failed to fetch (auth.supabase.io)
    at https://frontend-assets.supabase.com/studio/7bd061a67016/_next/static/chunks/0s851pjktpv32.js?dpl=dpl_9hVx9omuy9RfeTo5kHjRUi1aNuPQ:13:1799
    at https://ss.supabase.com/4icgbaujh.js?60a389s=aWQ9R1RNLVdDVlJMTU43&page=2:1:670
    at https://ss.supabase.com/4icgbaujh.js?60a389s=aWQ9R1RNLVdDVlJMTU43&page=2:757:632
    at push.U (https://frontend-assets.supabase.com/studio/7bd061a67016/_next/static/chunks/02wmul50qf~.k.js?dpl=dpl_9hVx9omuy9RfeTo5kHjRUi1aNuPQ:6:6093)
    at ea (https://frontend-assets.supabase.com/studio/7bd061a67016/_next/static/chunks/02wmul50qf~.k.js?dpl=dpl_9hVx9omuy9RfeTo5kHjRUi1aNuPQ:6:11438)
    at es (https://frontend-assets.supabase.com/studio/7bd061a67016/_next/static/chunks/02wmul50qf~.k.js?dpl=dpl_9hVx9omuy9RfeTo5kHjRUi1aNuPQ:6:10966)
    at r (https://frontend-assets.supabase.com/studio/7bd061a67016/_next/static/chunks/02wmul50qf~.k.js?dpl=dpl_9hVx9omuy9RfeTo5kHjRUi1aNuPQ:19:24997)
    at async https://frontend-assets.supabase.com/studio/7bd061a67016/_next/static/chunks/02wmul50qf~.k.js?dpl=dpl_9hVx9omuy9RfeTo5kHjRUi1aNuPQ:19:25253 @ https://frontend-assets.supabase.com/studio/7bd061a67016/_next/static/chunks/0s851pjktpv32.js?dpl=dpl_9hVx9omuy9RfeTo5kHjRUi1aNuPQ:12
[ 2201180ms] [ERROR] Failed to load resource: net::ERR_CONNECTION_CLOSED @ https://auth.supabase.io/auth/v1/token?grant_type=refresh_token:0
[ 2201181ms] [ERROR] TypeError: Failed to fetch (auth.supabase.io)
    at https://frontend-assets.supabase.com/studio/7bd061a67016/_next/static/chunks/0s851pjktpv32.js?dpl=dpl_9hVx9omuy9RfeTo5kHjRUi1aNuPQ:13:1799
    at https://ss.supabase.com/4icgbaujh.js?60a389s=aWQ9R1RNLVdDVlJMTU43&page=2:1:670
    at https://ss.supabase.com/4icgbaujh.js?60a389s=aWQ9R1RNLVdDVlJMTU43&page=2:757:632
    at push.U (https://frontend-assets.supabase.com/studio/7bd061a67016/_next/static/chunks/02wmul50qf~.k.js?dpl=dpl_9hVx9omuy9RfeTo5kHjRUi1aNuPQ:6:6093)
    at ea (https://frontend-assets.supabase.com/studio/7bd061a67016/_next/static/chunks/02wmul50qf~.k.js?dpl=dpl_9hVx9omuy9RfeTo5kHjRUi1aNuPQ:6:11438)
    at es (https://frontend-assets.supabase.com/studio/7bd061a67016/_next/static/chunks/02wmul50qf~.k.js?dpl=dpl_9hVx9omuy9RfeTo5kHjRUi1aNuPQ:6:10966)
    at r (https://frontend-assets.supabase.com/studio/7bd061a67016/_next/static/chunks/02wmul50qf~.k.js?dpl=dpl_9hVx9omuy9RfeTo5kHjRUi1aNuPQ:19:24997)
    at https://frontend-assets.supabase.com/studio/7bd061a67016/_next/static/chunks/02wmul50qf~.k.js?dpl=dpl_9hVx9omuy9RfeTo5kHjRUi1aNuPQ:19:25259
    at https://frontend-assets.supabase.com/studio/7bd061a67016/_next/static/chunks/02wmul50qf~.k.js?dpl=dpl_9hVx9omuy9RfeTo5kHjRUi1aNuPQ:19:25336
    at new Promise (<anonymous>)
    at eU._refreshAccessToken (https://frontend-assets.supabase.com/studio/7bd061a67016/_next/static/chunks/02wmul50qf~.k.js?dpl=dpl_9hVx9omuy9RfeTo5kHjRUi1aNuPQ:19:25190)
    at eU._callRefreshToken (https://frontend-assets.supabase.com/studio/7bd061a67016/_next/static/chunks/02wmul50qf~.k.js?dpl=dpl_9hVx9omuy9RfeTo5kHjRUi1aNuPQ:19:27926)
    at eU.__loadSession (https://frontend-assets.supabase.com/studio/7bd061a67016/_next/static/chunks/02wmul50qf~.k.js?dpl=dpl_9hVx9omuy9RfeTo5kHjRUi1aNuPQ:19:14191)
    at async eU._useSession (https://frontend-assets.supabase.com/studio/7bd061a67016/_next/static/chunks/02wmul50qf~.k.js?dpl=dpl_9hVx9omuy9RfeTo5kHjRUi1aNuPQ:19:12392)
    at async https://frontend-assets.supabase.com/studio/7bd061a67016/_next/static/chunks/02wmul50qf~.k.js?dpl=dpl_9hVx9omuy9RfeTo5kHjRUi1aNuPQ:19:31166
    at async https://frontend-assets.supabase.com/studio/7bd061a67016/_next/static/chunks/02wmul50qf~.k.js?dpl=dpl_9hVx9omuy9RfeTo5kHjRUi1aNuPQ:19:11706 @ https://frontend-assets.supabase.com/studio/7bd061a67016/_next/static/chunks/0s851pjktpv32.js?dpl=dpl_9hVx9omuy9RfeTo5kHjRUi1aNuPQ:12
[ 2211392ms] [ERROR] Failed to load resource: net::ERR_CONNECTION_CLOSED @ https://auth.supabase.io/auth/v1/token?grant_type=refresh_token:0
[ 2211392ms] [ERROR] TypeError: Failed to fetch (auth.supabase.io)
    at https://frontend-assets.supabase.com/studio/7bd061a67016/_next/static/chunks/0s851pjktpv32.js?dpl=dpl_9hVx9omuy9RfeTo5kHjRUi1aNuPQ:13:1799
    at https://ss.supabase.com/4icgbaujh.js?60a389s=aWQ9R1RNLVdDVlJMTU43&page=2:1:670
    at https://ss.supabase.com/4icgbaujh.js?60a389s=aWQ9R1RNLVdDVlJMTU43&page=2:757:632
    at push.U (https://frontend-assets.supabase.com/studio/7bd061a67016/_next/static/chunks/02wmul50qf~.k.js?dpl=dpl_9hVx9omuy9RfeTo5kHjRUi1aNuPQ:6:6093)
    at ea (https://frontend-assets.supabase.com/studio/7bd061a67016/_next/static/chunks/02wmul50qf~.k.js?dpl=dpl_9hVx9omuy9RfeTo5kHjRUi1aNuPQ:6:11438)
    at es (https://frontend-assets.supabase.com/studio/7bd061a67016/_next/static/chunks/02wmul50qf~.k.js?dpl=dpl_9hVx9omuy9RfeTo5kHjRUi1aNuPQ:6:10966)
    at r (https://frontend-assets.supabase.com/studio/7bd061a67016/_next/static/chunks/02wmul50qf~.k.js?dpl=dpl_9hVx9omuy9RfeTo5kHjRUi1aNuPQ:19:24997)
    at async https://frontend-assets.supabase.com/studio/7bd061a67016/_next/static/chunks/02wmul50qf~.k.js?dpl=dpl_9hVx9omuy9RfeTo5kHjRUi1aNuPQ:19:25253 @ https://frontend-assets.supabase.com/studio/7bd061a67016/_next/static/chunks/0s851pjktpv32.js?dpl=dpl_9hVx9omuy9RfeTo5kHjRUi1aNuPQ:12
[ 2221811ms] [ERROR] Failed to load resource: net::ERR_CONNECTION_CLOSED @ https://auth.supabase.io/auth/v1/token?grant_type=refresh_token:0
[ 2221811ms] [ERROR] TypeError: Failed to fetch (auth.supabase.io)
    at https://frontend-assets.supabase.com/studio/7bd061a67016/_next/static/chunks/0s851pjktpv32.js?dpl=dpl_9hVx9omuy9RfeTo5kHjRUi1aNuPQ:13:1799
    at https://ss.supabase.com/4icgbaujh.js?60a389s=aWQ9R1RNLVdDVlJMTU43&page=2:1:670
    at https://ss.supabase.com/4icgbaujh.js?60a389s=aWQ9R1RNLVdDVlJMTU43&page=2:757:632
    at push.U (https://frontend-assets.supabase.com/studio/7bd061a67016/_next/static/chunks/02wmul50qf~.k.js?dpl=dpl_9hVx9omuy9RfeTo5kHjRUi1aNuPQ:6:6093)
    at ea (https://frontend-assets.supabase.com/studio/7bd061a67016/_next/static/chunks/02wmul50qf~.k.js?dpl=dpl_9hVx9omuy9RfeTo5kHjRUi1aNuPQ:6:11438)
    at es (https://frontend-assets.supabase.com/studio/7bd061a67016/_next/static/chunks/02wmul50qf~.k.js?dpl=dpl_9hVx9omuy9RfeTo5kHjRUi1aNuPQ:6:10966)
    at r (https://frontend-assets.supabase.com/studio/7bd061a67016/_next/static/chunks/02wmul50qf~.k.js?dpl=dpl_9hVx9omuy9RfeTo5kHjRUi1aNuPQ:19:24997)
    at async https://frontend-assets.supabase.com/studio/7bd061a67016/_next/static/chunks/02wmul50qf~.k.js?dpl=dpl_9hVx9omuy9RfeTo5kHjRUi1aNuPQ:19:25253 @ https://frontend-assets.supabase.com/studio/7bd061a67016/_next/static/chunks/0s851pjktpv32.js?dpl=dpl_9hVx9omuy9RfeTo5kHjRUi1aNuPQ:12
[ 2231817ms] [ERROR] Failed to load resource: net::ERR_CONNECTION_CLOSED @ https://auth.supabase.io/auth/v1/token?grant_type=refresh_token:0
[ 2231817ms] [ERROR] TypeError: Failed to fetch (auth.supabase.io)
    at https://frontend-assets.supabase.com/studio/7bd061a67016/_next/static/chunks/0s851pjktpv32.js?dpl=dpl_9hVx9omuy9RfeTo5kHjRUi1aNuPQ:13:1799
    at https://ss.supabase.com/4icgbaujh.js?60a389s=aWQ9R1RNLVdDVlJMTU43&page=2:1:670
    at https://ss.supabase.com/4icgbaujh.js?60a389s=aWQ9R1RNLVdDVlJMTU43&page=2:757:632
    at push.U (https://frontend-assets.supabase.com/studio/7bd061a67016/_next/static/chunks/02wmul50qf~.k.js?dpl=dpl_9hVx9omuy9RfeTo5kHjRUi1aNuPQ:6:6093)
    at ea (https://frontend-assets.supabase.com/studio/7bd061a67016/_next/static/chunks/02wmul50qf~.k.js?dpl=dpl_9hVx9omuy9RfeTo5kHjRUi1aNuPQ:6:11438)
    at es (https://frontend-assets.supabase.com/studio/7bd061a67016/_next/static/chunks/02wmul50qf~.k.js?dpl=dpl_9hVx9omuy9RfeTo5kHjRUi1aNuPQ:6:10966)
    at r (https://frontend-assets.supabase.com/studio/7bd061a67016/_next/static/chunks/02wmul50qf~.k.js?dpl=dpl_9hVx9omuy9RfeTo5kHjRUi1aNuPQ:19:24997)
    at https://frontend-assets.supabase.com/studio/7bd061a67016/_next/static/chunks/02wmul50qf~.k.js?dpl=dpl_9hVx9omuy9RfeTo5kHjRUi1aNuPQ:19:25259
    at https://frontend-assets.supabase.com/studio/7bd061a67016/_next/static/chunks/02wmul50qf~.k.js?dpl=dpl_9hVx9omuy9RfeTo5kHjRUi1aNuPQ:19:25336
    at new Promise (<anonymous>)
    at eU._refreshAccessToken (https://frontend-assets.supabase.com/studio/7bd061a67016/_next/static/chunks/02wmul50qf~.k.js?dpl=dpl_9hVx9omuy9RfeTo5kHjRUi1aNuPQ:19:25190)
    at eU._callRefreshToken (https://frontend-assets.supabase.com/studio/7bd061a67016/_next/static/chunks/02wmul50qf~.k.js?dpl=dpl_9hVx9omuy9RfeTo5kHjRUi1aNuPQ:19:27926)
    at eU.__loadSession (https://frontend-assets.supabase.com/studio/7bd061a67016/_next/static/chunks/02wmul50qf~.k.js?dpl=dpl_9hVx9omuy9RfeTo5kHjRUi1aNuPQ:19:14191)
    at async eU._useSession (https://frontend-assets.supabase.com/studio/7bd061a67016/_next/static/chunks/02wmul50qf~.k.js?dpl=dpl_9hVx9omuy9RfeTo5kHjRUi1aNuPQ:19:12392)
    at async https://frontend-assets.supabase.com/studio/7bd061a67016/_next/static/chunks/02wmul50qf~.k.js?dpl=dpl_9hVx9omuy9RfeTo5kHjRUi1aNuPQ:19:31166
    at async https://frontend-assets.supabase.com/studio/7bd061a67016/_next/static/chunks/02wmul50qf~.k.js?dpl=dpl_9hVx9omuy9RfeTo5kHjRUi1aNuPQ:19:11706 @ https://frontend-assets.supabase.com/studio/7bd061a67016/_next/static/chunks/0s851pjktpv32.js?dpl=dpl_9hVx9omuy9RfeTo5kHjRUi1aNuPQ:12
[ 2242035ms] [ERROR] Failed to load resource: net::ERR_CONNECTION_CLOSED @ https://auth.supabase.io/auth/v1/token?grant_type=refresh_token:0
[ 2242035ms] [ERROR] TypeError: Failed to fetch (auth.supabase.io)
    at https://frontend-assets.supabase.com/studio/7bd061a67016/_next/static/chunks/0s851pjktpv32.js?dpl=dpl_9hVx9omuy9RfeTo5kHjRUi1aNuPQ:13:1799
    at https://ss.supabase.com/4icgbaujh.js?60a389s=aWQ9R1RNLVdDVlJMTU43&page=2:1:670
    at https://ss.supabase.com/4icgbaujh.js?60a389s=aWQ9R1RNLVdDVlJMTU43&page=2:757:632
    at push.U (https://frontend-assets.supabase.com/studio/7bd061a67016/_next/static/chunks/02wmul50qf~.k.js?dpl=dpl_9hVx9omuy9RfeTo5kHjRUi1aNuPQ:6:6093)
    at ea (https://frontend-assets.supabase.com/studio/7bd061a67016/_next/static/chunks/02wmul50qf~.k.js?dpl=dpl_9hVx9omuy9RfeTo5kHjRUi1aNuPQ:6:11438)
    at es (https://frontend-assets.supabase.com/studio/7bd061a67016/_next/static/chunks/02wmul50qf~.k.js?dpl=dpl_9hVx9omuy9RfeTo5kHjRUi1aNuPQ:6:10966)
    at r (https://frontend-assets.supabase.com/studio/7bd061a67016/_next/static/chunks/02wmul50qf~.k.js?dpl=dpl_9hVx9omuy9RfeTo5kHjRUi1aNuPQ:19:24997)
    at async https://frontend-assets.supabase.com/studio/7bd061a67016/_next/static/chunks/02wmul50qf~.k.js?dpl=dpl_9hVx9omuy9RfeTo5kHjRUi1aNuPQ:19:25253 @ https://frontend-assets.supabase.com/studio/7bd061a67016/_next/static/chunks/0s851pjktpv32.js?dpl=dpl_9hVx9omuy9RfeTo5kHjRUi1aNuPQ:12
[ 2252443ms] [ERROR] Failed to load resource: net::ERR_CONNECTION_CLOSED @ https://auth.supabase.io/auth/v1/token?grant_type=refresh_token:0
[ 2252444ms] [ERROR] TypeError: Failed to fetch (auth.supabase.io)
    at https://frontend-assets.supabase.com/studio/7bd061a67016/_next/static/chunks/0s851pjktpv32.js?dpl=dpl_9hVx9omuy9RfeTo5kHjRUi1aNuPQ:13:1799
    at https://ss.supabase.com/4icgbaujh.js?60a389s=aWQ9R1RNLVdDVlJMTU43&page=2:1:670
    at https://ss.supabase.com/4icgbaujh.js?60a389s=aWQ9R1RNLVdDVlJMTU43&page=2:757:632
    at push.U (https://frontend-assets.supabase.com/studio/7bd061a67016/_next/static/chunks/02wmul50qf~.k.js?dpl=dpl_9hVx9omuy9RfeTo5kHjRUi1aNuPQ:6:6093)
    at ea (https://frontend-assets.supabase.com/studio/7bd061a67016/_next/static/chunks/02wmul50qf~.k.js?dpl=dpl_9hVx9omuy9RfeTo5kHjRUi1aNuPQ:6:11438)
    at es (https://frontend-assets.supabase.com/studio/7bd061a67016/_next/static/chunks/02wmul50qf~.k.js?dpl=dpl_9hVx9omuy9RfeTo5kHjRUi1aNuPQ:6:10966)
    at r (https://frontend-assets.supabase.com/studio/7bd061a67016/_next/static/chunks/02wmul50qf~.k.js?dpl=dpl_9hVx9omuy9RfeTo5kHjRUi1aNuPQ:19:24997)
    at async https://frontend-assets.supabase.com/studio/7bd061a67016/_next/static/chunks/02wmul50qf~.k.js?dpl=dpl_9hVx9omuy9RfeTo5kHjRUi1aNuPQ:19:25253 @ https://frontend-assets.supabase.com/studio/7bd061a67016/_next/static/chunks/0s851pjktpv32.js?dpl=dpl_9hVx9omuy9RfeTo5kHjRUi1aNuPQ:12
[ 2262450ms] [ERROR] Failed to load resource: net::ERR_CONNECTION_CLOSED @ https://auth.supabase.io/auth/v1/token?grant_type=refresh_token:0
[ 2262450ms] [ERROR] TypeError: Failed to fetch (auth.supabase.io)
    at https://frontend-assets.supabase.com/studio/7bd061a67016/_next/static/chunks/0s851pjktpv32.js?dpl=dpl_9hVx9omuy9RfeTo5kHjRUi1aNuPQ:13:1799
    at https://ss.supabase.com/4icgbaujh.js?60a389s=aWQ9R1RNLVdDVlJMTU43&page=2:1:670
    at https://ss.supabase.com/4icgbaujh.js?60a389s=aWQ9R1RNLVdDVlJMTU43&page=2:757:632
    at push.U (https://frontend-assets.supabase.com/studio/7bd061a67016/_next/static/chunks/02wmul50qf~.k.js?dpl=dpl_9hVx9omuy9RfeTo5kHjRUi1aNuPQ:6:6093)
    at ea (https://frontend-assets.supabase.com/studio/7bd061a67016/_next/static/chunks/02wmul50qf~.k.js?dpl=dpl_9hVx9omuy9RfeTo5kHjRUi1aNuPQ:6:11438)
    at es (https://frontend-assets.supabase.com/studio/7bd061a67016/_next/static/chunks/02wmul50qf~.k.js?dpl=dpl_9hVx9omuy9RfeTo5kHjRUi1aNuPQ:6:10966)
    at r (https://frontend-assets.supabase.com/studio/7bd061a67016/_next/static/chunks/02wmul50qf~.k.js?dpl=dpl_9hVx9omuy9RfeTo5kHjRUi1aNuPQ:19:24997)
    at https://frontend-assets.supabase.com/studio/7bd061a67016/_next/static/chunks/02wmul50qf~.k.js?dpl=dpl_9hVx9omuy9RfeTo5kHjRUi1aNuPQ:19:25259
    at https://frontend-assets.supabase.com/studio/7bd061a67016/_next/static/chunks/02wmul50qf~.k.js?dpl=dpl_9hVx9omuy9RfeTo5kHjRUi1aNuPQ:19:25336
    at new Promise (<anonymous>)
    at eU._refreshAccessToken (https://frontend-assets.supabase.com/studio/7bd061a67016/_next/static/chunks/02wmul50qf~.k.js?dpl=dpl_9hVx9omuy9RfeTo5kHjRUi1aNuPQ:19:25190)
    at eU._callRefreshToken (https://frontend-assets.supabase.com/studio/7bd061a67016/_next/static/chunks/02wmul50qf~.k.js?dpl=dpl_9hVx9omuy9RfeTo5kHjRUi1aNuPQ:19:27926)
    at eU.__loadSession (https://frontend-assets.supabase.com/studio/7bd061a67016/_next/static/chunks/02wmul50qf~.k.js?dpl=dpl_9hVx9omuy9RfeTo5kHjRUi1aNuPQ:19:14191)
    at async eU._useSession (https://frontend-assets.supabase.com/studio/7bd061a67016/_next/static/chunks/02wmul50qf~.k.js?dpl=dpl_9hVx9omuy9RfeTo5kHjRUi1aNuPQ:19:12392)
    at async https://frontend-assets.supabase.com/studio/7bd061a67016/_next/static/chunks/02wmul50qf~.k.js?dpl=dpl_9hVx9omuy9RfeTo5kHjRUi1aNuPQ:19:31166
    at async https://frontend-assets.supabase.com/studio/7bd061a67016/_next/static/chunks/02wmul50qf~.k.js?dpl=dpl_9hVx9omuy9RfeTo5kHjRUi1aNuPQ:19:11706 @ https://frontend-assets.supabase.com/studio/7bd061a67016/_next/static/chunks/0s851pjktpv32.js?dpl=dpl_9hVx9omuy9RfeTo5kHjRUi1aNuPQ:12
[ 2272665ms] [ERROR] Failed to load resource: net::ERR_CONNECTION_CLOSED @ https://auth.supabase.io/auth/v1/token?grant_type=refresh_token:0
[ 2272665ms] [ERROR] TypeError: Failed to fetch (auth.supabase.io)
    at https://frontend-assets.supabase.com/studio/7bd061a67016/_next/static/chunks/0s851pjktpv32.js?dpl=dpl_9hVx9omuy9RfeTo5kHjRUi1aNuPQ:13:1799
    at https://ss.supabase.com/4icgbaujh.js?60a389s=aWQ9R1RNLVdDVlJMTU43&page=2:1:670
    at https://ss.supabase.com/4icgbaujh.js?60a389s=aWQ9R1RNLVdDVlJMTU43&page=2:757:632
    at push.U (https://frontend-assets.supabase.com/studio/7bd061a67016/_next/static/chunks/02wmul50qf~.k.js?dpl=dpl_9hVx9omuy9RfeTo5kHjRUi1aNuPQ:6:6093)
    at ea (https://frontend-assets.supabase.com/studio/7bd061a67016/_next/static/chunks/02wmul50qf~.k.js?dpl=dpl_9hVx9omuy9RfeTo5kHjRUi1aNuPQ:6:11438)
    at es (https://frontend-assets.supabase.com/studio/7bd061a67016/_next/static/chunks/02wmul50qf~.k.js?dpl=dpl_9hVx9omuy9RfeTo5kHjRUi1aNuPQ:6:10966)
    at r (https://frontend-assets.supabase.com/studio/7bd061a67016/_next/static/chunks/02wmul50qf~.k.js?dpl=dpl_9hVx9omuy9RfeTo5kHjRUi1aNuPQ:19:24997)
    at async https://frontend-assets.supabase.com/studio/7bd061a67016/_next/static/chunks/02wmul50qf~.k.js?dpl=dpl_9hVx9omuy9RfeTo5kHjRUi1aNuPQ:19:25253 @ https://frontend-assets.supabase.com/studio/7bd061a67016/_next/static/chunks/0s851pjktpv32.js?dpl=dpl_9hVx9omuy9RfeTo5kHjRUi1aNuPQ:12
[ 2283073ms] [ERROR] Failed to load resource: net::ERR_CONNECTION_CLOSED @ https://auth.supabase.io/auth/v1/token?grant_type=refresh_token:0
[ 2283073ms] [ERROR] TypeError: Failed to fetch (auth.supabase.io)
    at https://frontend-assets.supabase.com/studio/7bd061a67016/_next/static/chunks/0s851pjktpv32.js?dpl=dpl_9hVx9omuy9RfeTo5kHjRUi1aNuPQ:13:1799
    at https://ss.supabase.com/4icgbaujh.js?60a389s=aWQ9R1RNLVdDVlJMTU43&page=2:1:670
    at https://ss.supabase.com/4icgbaujh.js?60a389s=aWQ9R1RNLVdDVlJMTU43&page=2:757:632
    at push.U (https://frontend-assets.supabase.com/studio/7bd061a67016/_next/static/chunks/02wmul50qf~.k.js?dpl=dpl_9hVx9omuy9RfeTo5kHjRUi1aNuPQ:6:6093)
    at ea (https://frontend-assets.supabase.com/studio/7bd061a67016/_next/static/chunks/02wmul50qf~.k.js?dpl=dpl_9hVx9omuy9RfeTo5kHjRUi1aNuPQ:6:11438)
    at es (https://frontend-assets.supabase.com/studio/7bd061a67016/_next/static/chunks/02wmul50qf~.k.js?dpl=dpl_9hVx9omuy9RfeTo5kHjRUi1aNuPQ:6:10966)
    at r (https://frontend-assets.supabase.com/studio/7bd061a67016/_next/static/chunks/02wmul50qf~.k.js?dpl=dpl_9hVx9omuy9RfeTo5kHjRUi1aNuPQ:19:24997)
    at async https://frontend-assets.supabase.com/studio/7bd061a67016/_next/static/chunks/02wmul50qf~.k.js?dpl=dpl_9hVx9omuy9RfeTo5kHjRUi1aNuPQ:19:25253 @ https://frontend-assets.supabase.com/studio/7bd061a67016/_next/static/chunks/0s851pjktpv32.js?dpl=dpl_9hVx9omuy9RfeTo5kHjRUi1aNuPQ:12
[ 2293078ms] [ERROR] Failed to load resource: net::ERR_CONNECTION_CLOSED @ https://auth.supabase.io/auth/v1/token?grant_type=refresh_token:0
[ 2293078ms] [ERROR] TypeError: Failed to fetch (auth.supabase.io)
    at https://frontend-assets.supabase.com/studio/7bd061a67016/_next/static/chunks/0s851pjktpv32.js?dpl=dpl_9hVx9omuy9RfeTo5kHjRUi1aNuPQ:13:1799
    at https://ss.supabase.com/4icgbaujh.js?60a389s=aWQ9R1RNLVdDVlJMTU43&page=2:1:670
    at https://ss.supabase.com/4icgbaujh.js?60a389s=aWQ9R1RNLVdDVlJMTU43&page=2:757:632
    at push.U (https://frontend-assets.supabase.com/studio/7bd061a67016/_next/static/chunks/02wmul50qf~.k.js?dpl=dpl_9hVx9omuy9RfeTo5kHjRUi1aNuPQ:6:6093)
    at ea (https://frontend-assets.supabase.com/studio/7bd061a67016/_next/static/chunks/02wmul50qf~.k.js?dpl=dpl_9hVx9omuy9RfeTo5kHjRUi1aNuPQ:6:11438)
    at es (https://frontend-assets.supabase.com/studio/7bd061a67016/_next/static/chunks/02wmul50qf~.k.js?dpl=dpl_9hVx9omuy9RfeTo5kHjRUi1aNuPQ:6:10966)
    at r (https://frontend-assets.supabase.com/studio/7bd061a67016/_next/static/chunks/02wmul50qf~.k.js?dpl=dpl_9hVx9omuy9RfeTo5kHjRUi1aNuPQ:19:24997)
    at https://frontend-assets.supabase.com/studio/7bd061a67016/_next/static/chunks/02wmul50qf~.k.js?dpl=dpl_9hVx9omuy9RfeTo5kHjRUi1aNuPQ:19:25259
    at https://frontend-assets.supabase.com/studio/7bd061a67016/_next/static/chunks/02wmul50qf~.k.js?dpl=dpl_9hVx9omuy9RfeTo5kHjRUi1aNuPQ:19:25336
    at new Promise (<anonymous>)
    at eU._refreshAccessToken (https://frontend-assets.supabase.com/studio/7bd061a67016/_next/static/chunks/02wmul50qf~.k.js?dpl=dpl_9hVx9omuy9RfeTo5kHjRUi1aNuPQ:19:25190)
    at eU._callRefreshToken (https://frontend-assets.supabase.com/studio/7bd061a67016/_next/static/chunks/02wmul50qf~.k.js?dpl=dpl_9hVx9omuy9RfeTo5kHjRUi1aNuPQ:19:27926)
    at eU.__loadSession (https://frontend-assets.supabase.com/studio/7bd061a67016/_next/static/chunks/02wmul50qf~.k.js?dpl=dpl_9hVx9omuy9RfeTo5kHjRUi1aNuPQ:19:14191)
    at async eU._useSession (https://frontend-assets.supabase.com/studio/7bd061a67016/_next/static/chunks/02wmul50qf~.k.js?dpl=dpl_9hVx9omuy9RfeTo5kHjRUi1aNuPQ:19:12392)
    at async https://frontend-assets.supabase.com/studio/7bd061a67016/_next/static/chunks/02wmul50qf~.k.js?dpl=dpl_9hVx9omuy9RfeTo5kHjRUi1aNuPQ:19:31166
    at async https://frontend-assets.supabase.com/studio/7bd061a67016/_next/static/chunks/02wmul50qf~.k.js?dpl=dpl_9hVx9omuy9RfeTo5kHjRUi1aNuPQ:19:11706 @ https://frontend-assets.supabase.com/studio/7bd061a67016/_next/static/chunks/0s851pjktpv32.js?dpl=dpl_9hVx9omuy9RfeTo5kHjRUi1aNuPQ:12
[ 2303290ms] [ERROR] Failed to load resource: net::ERR_CONNECTION_CLOSED @ https://auth.supabase.io/auth/v1/token?grant_type=refresh_token:0
[ 2303290ms] [ERROR] TypeError: Failed to fetch (auth.supabase.io)
    at https://frontend-assets.supabase.com/studio/7bd061a67016/_next/static/chunks/0s851pjktpv32.js?dpl=dpl_9hVx9omuy9RfeTo5kHjRUi1aNuPQ:13:1799
    at https://ss.supabase.com/4icgbaujh.js?60a389s=aWQ9R1RNLVdDVlJMTU43&page=2:1:670
    at https://ss.supabase.com/4icgbaujh.js?60a389s=aWQ9R1RNLVdDVlJMTU43&page=2:757:632
    at push.U (https://frontend-assets.supabase.com/studio/7bd061a67016/_next/static/chunks/02wmul50qf~.k.js?dpl=dpl_9hVx9omuy9RfeTo5kHjRUi1aNuPQ:6:6093)
    at ea (https://frontend-assets.supabase.com/studio/7bd061a67016/_next/static/chunks/02wmul50qf~.k.js?dpl=dpl_9hVx9omuy9RfeTo5kHjRUi1aNuPQ:6:11438)
    at es (https://frontend-assets.supabase.com/studio/7bd061a67016/_next/static/chunks/02wmul50qf~.k.js?dpl=dpl_9hVx9omuy9RfeTo5kHjRUi1aNuPQ:6:10966)
    at r (https://frontend-assets.supabase.com/studio/7bd061a67016/_next/static/chunks/02wmul50qf~.k.js?dpl=dpl_9hVx9omuy9RfeTo5kHjRUi1aNuPQ:19:24997)
    at async https://frontend-assets.supabase.com/studio/7bd061a67016/_next/static/chunks/02wmul50qf~.k.js?dpl=dpl_9hVx9omuy9RfeTo5kHjRUi1aNuPQ:19:25253 @ https://frontend-assets.supabase.com/studio/7bd061a67016/_next/static/chunks/0s851pjktpv32.js?dpl=dpl_9hVx9omuy9RfeTo5kHjRUi1aNuPQ:12
[ 2313705ms] [ERROR] Failed to load resource: net::ERR_CONNECTION_CLOSED @ https://auth.supabase.io/auth/v1/token?grant_type=refresh_token:0
[ 2313705ms] [ERROR] TypeError: Failed to fetch (auth.supabase.io)
    at https://frontend-assets.supabase.com/studio/7bd061a67016/_next/static/chunks/0s851pjktpv32.js?dpl=dpl_9hVx9omuy9RfeTo5kHjRUi1aNuPQ:13:1799
    at https://ss.supabase.com/4icgbaujh.js?60a389s=aWQ9R1RNLVdDVlJMTU43&page=2:1:670
    at https://ss.supabase.com/4icgbaujh.js?60a389s=aWQ9R1RNLVdDVlJMTU43&page=2:757:632
    at push.U (https://frontend-assets.supabase.com/studio/7bd061a67016/_next/static/chunks/02wmul50qf~.k.js?dpl=dpl_9hVx9omuy9RfeTo5kHjRUi1aNuPQ:6:6093)
    at ea (https://frontend-assets.supabase.com/studio/7bd061a67016/_next/static/chunks/02wmul50qf~.k.js?dpl=dpl_9hVx9omuy9RfeTo5kHjRUi1aNuPQ:6:11438)
    at es (https://frontend-assets.supabase.com/studio/7bd061a67016/_next/static/chunks/02wmul50qf~.k.js?dpl=dpl_9hVx9omuy9RfeTo5kHjRUi1aNuPQ:6:10966)
    at r (https://frontend-assets.supabase.com/studio/7bd061a67016/_next/static/chunks/02wmul50qf~.k.js?dpl=dpl_9hVx9omuy9RfeTo5kHjRUi1aNuPQ:19:24997)
    at async https://frontend-assets.supabase.com/studio/7bd061a67016/_next/static/chunks/02wmul50qf~.k.js?dpl=dpl_9hVx9omuy9RfeTo5kHjRUi1aNuPQ:19:25253 @ https://frontend-assets.supabase.com/studio/7bd061a67016/_next/static/chunks/0s851pjktpv32.js?dpl=dpl_9hVx9omuy9RfeTo5kHjRUi1aNuPQ:12
[ 2323710ms] [ERROR] Failed to load resource: net::ERR_CONNECTION_CLOSED @ https://auth.supabase.io/auth/v1/token?grant_type=refresh_token:0
[ 2323710ms] [ERROR] TypeError: Failed to fetch (auth.supabase.io)
    at https://frontend-assets.supabase.com/studio/7bd061a67016/_next/static/chunks/0s851pjktpv32.js?dpl=dpl_9hVx9omuy9RfeTo5kHjRUi1aNuPQ:13:1799
    at https://ss.supabase.com/4icgbaujh.js?60a389s=aWQ9R1RNLVdDVlJMTU43&page=2:1:670
    at https://ss.supabase.com/4icgbaujh.js?60a389s=aWQ9R1RNLVdDVlJMTU43&page=2:757:632
    at push.U (https://frontend-assets.supabase.com/studio/7bd061a67016/_next/static/chunks/02wmul50qf~.k.js?dpl=dpl_9hVx9omuy9RfeTo5kHjRUi1aNuPQ:6:6093)
    at ea (https://frontend-assets.supabase.com/studio/7bd061a67016/_next/static/chunks/02wmul50qf~.k.js?dpl=dpl_9hVx9omuy9RfeTo5kHjRUi1aNuPQ:6:11438)
    at es (https://frontend-assets.supabase.com/studio/7bd061a67016/_next/static/chunks/02wmul50qf~.k.js?dpl=dpl_9hVx9omuy9RfeTo5kHjRUi1aNuPQ:6:10966)
    at r (https://frontend-assets.supabase.com/studio/7bd061a67016/_next/static/chunks/02wmul50qf~.k.js?dpl=dpl_9hVx9omuy9RfeTo5kHjRUi1aNuPQ:19:24997)
    at https://frontend-assets.supabase.com/studio/7bd061a67016/_next/static/chunks/02wmul50qf~.k.js?dpl=dpl_9hVx9omuy9RfeTo5kHjRUi1aNuPQ:19:25259
    at https://frontend-assets.supabase.com/studio/7bd061a67016/_next/static/chunks/02wmul50qf~.k.js?dpl=dpl_9hVx9omuy9RfeTo5kHjRUi1aNuPQ:19:25336
    at new Promise (<anonymous>)
    at eU._refreshAccessToken (https://frontend-assets.supabase.com/studio/7bd061a67016/_next/static/chunks/02wmul50qf~.k.js?dpl=dpl_9hVx9omuy9RfeTo5kHjRUi1aNuPQ:19:25190)
    at eU._callRefreshToken (https://frontend-assets.supabase.com/studio/7bd061a67016/_next/static/chunks/02wmul50qf~.k.js?dpl=dpl_9hVx9omuy9RfeTo5kHjRUi1aNuPQ:19:27926)
    at eU.__loadSession (https://frontend-assets.supabase.com/studio/7bd061a67016/_next/static/chunks/02wmul50qf~.k.js?dpl=dpl_9hVx9omuy9RfeTo5kHjRUi1aNuPQ:19:14191)
    at async eU._useSession (https://frontend-assets.supabase.com/studio/7bd061a67016/_next/static/chunks/02wmul50qf~.k.js?dpl=dpl_9hVx9omuy9RfeTo5kHjRUi1aNuPQ:19:12392)
    at async https://frontend-assets.supabase.com/studio/7bd061a67016/_next/static/chunks/02wmul50qf~.k.js?dpl=dpl_9hVx9omuy9RfeTo5kHjRUi1aNuPQ:19:31166
    at async https://frontend-assets.supabase.com/studio/7bd061a67016/_next/static/chunks/02wmul50qf~.k.js?dpl=dpl_9hVx9omuy9RfeTo5kHjRUi1aNuPQ:19:11706 @ https://frontend-assets.supabase.com/studio/7bd061a67016/_next/static/chunks/0s851pjktpv32.js?dpl=dpl_9hVx9omuy9RfeTo5kHjRUi1aNuPQ:12
[ 2333917ms] [ERROR] Failed to load resource: net::ERR_CONNECTION_CLOSED @ https://auth.supabase.io/auth/v1/token?grant_type=refresh_token:0
[ 2333917ms] [ERROR] TypeError: Failed to fetch (auth.supabase.io)
    at https://frontend-assets.supabase.com/studio/7bd061a67016/_next/static/chunks/0s851pjktpv32.js?dpl=dpl_9hVx9omuy9RfeTo5kHjRUi1aNuPQ:13:1799
    at https://ss.supabase.com/4icgbaujh.js?60a389s=aWQ9R1RNLVdDVlJMTU43&page=2:1:670
    at https://ss.supabase.com/4icgbaujh.js?60a389s=aWQ9R1RNLVdDVlJMTU43&page=2:757:632
    at push.U (https://frontend-assets.supabase.com/studio/7bd061a67016/_next/static/chunks/02wmul50qf~.k.js?dpl=dpl_9hVx9omuy9RfeTo5kHjRUi1aNuPQ:6:6093)
    at ea (https://frontend-assets.supabase.com/studio/7bd061a67016/_next/static/chunks/02wmul50qf~.k.js?dpl=dpl_9hVx9omuy9RfeTo5kHjRUi1aNuPQ:6:11438)
    at es (https://frontend-assets.supabase.com/studio/7bd061a67016/_next/static/chunks/02wmul50qf~.k.js?dpl=dpl_9hVx9omuy9RfeTo5kHjRUi1aNuPQ:6:10966)
    at r (https://frontend-assets.supabase.com/studio/7bd061a67016/_next/static/chunks/02wmul50qf~.k.js?dpl=dpl_9hVx9omuy9RfeTo5kHjRUi1aNuPQ:19:24997)
    at async https://frontend-assets.supabase.com/studio/7bd061a67016/_next/static/chunks/02wmul50qf~.k.js?dpl=dpl_9hVx9omuy9RfeTo5kHjRUi1aNuPQ:19:25253 @ https://frontend-assets.supabase.com/studio/7bd061a67016/_next/static/chunks/0s851pjktpv32.js?dpl=dpl_9hVx9omuy9RfeTo5kHjRUi1aNuPQ:12
[ 2344324ms] [ERROR] Failed to load resource: net::ERR_CONNECTION_CLOSED @ https://auth.supabase.io/auth/v1/token?grant_type=refresh_token:0
[ 2344325ms] [ERROR] TypeError: Failed to fetch (auth.supabase.io)
    at https://frontend-assets.supabase.com/studio/7bd061a67016/_next/static/chunks/0s851pjktpv32.js?dpl=dpl_9hVx9omuy9RfeTo5kHjRUi1aNuPQ:13:1799
    at https://ss.supabase.com/4icgbaujh.js?60a389s=aWQ9R1RNLVdDVlJMTU43&page=2:1:670
    at https://ss.supabase.com/4icgbaujh.js?60a389s=aWQ9R1RNLVdDVlJMTU43&page=2:757:632
    at push.U (https://frontend-assets.supabase.com/studio/7bd061a67016/_next/static/chunks/02wmul50qf~.k.js?dpl=dpl_9hVx9omuy9RfeTo5kHjRUi1aNuPQ:6:6093)
    at ea (https://frontend-assets.supabase.com/studio/7bd061a67016/_next/static/chunks/02wmul50qf~.k.js?dpl=dpl_9hVx9omuy9RfeTo5kHjRUi1aNuPQ:6:11438)
    at es (https://frontend-assets.supabase.com/studio/7bd061a67016/_next/static/chunks/02wmul50qf~.k.js?dpl=dpl_9hVx9omuy9RfeTo5kHjRUi1aNuPQ:6:10966)
    at r (https://frontend-assets.supabase.com/studio/7bd061a67016/_next/static/chunks/02wmul50qf~.k.js?dpl=dpl_9hVx9omuy9RfeTo5kHjRUi1aNuPQ:19:24997)
    at async https://frontend-assets.supabase.com/studio/7bd061a67016/_next/static/chunks/02wmul50qf~.k.js?dpl=dpl_9hVx9omuy9RfeTo5kHjRUi1aNuPQ:19:25253 @ https://frontend-assets.supabase.com/studio/7bd061a67016/_next/static/chunks/0s851pjktpv32.js?dpl=dpl_9hVx9omuy9RfeTo5kHjRUi1aNuPQ:12
[ 2354331ms] [ERROR] Failed to load resource: net::ERR_CONNECTION_CLOSED @ https://auth.supabase.io/auth/v1/token?grant_type=refresh_token:0
[ 2354331ms] [ERROR] TypeError: Failed to fetch (auth.supabase.io)
    at https://frontend-assets.supabase.com/studio/7bd061a67016/_next/static/chunks/0s851pjktpv32.js?dpl=dpl_9hVx9omuy9RfeTo5kHjRUi1aNuPQ:13:1799
    at https://ss.supabase.com/4icgbaujh.js?60a389s=aWQ9R1RNLVdDVlJMTU43&page=2:1:670
    at https://ss.supabase.com/4icgbaujh.js?60a389s=aWQ9R1RNLVdDVlJMTU43&page=2:757:632
    at push.U (https://frontend-assets.supabase.com/studio/7bd061a67016/_next/static/chunks/02wmul50qf~.k.js?dpl=dpl_9hVx9omuy9RfeTo5kHjRUi1aNuPQ:6:6093)
    at ea (https://frontend-assets.supabase.com/studio/7bd061a67016/_next/static/chunks/02wmul50qf~.k.js?dpl=dpl_9hVx9omuy9RfeTo5kHjRUi1aNuPQ:6:11438)
    at es (https://frontend-assets.supabase.com/studio/7bd061a67016/_next/static/chunks/02wmul50qf~.k.js?dpl=dpl_9hVx9omuy9RfeTo5kHjRUi1aNuPQ:6:10966)
    at r (https://frontend-assets.supabase.com/studio/7bd061a67016/_next/static/chunks/02wmul50qf~.k.js?dpl=dpl_9hVx9omuy9RfeTo5kHjRUi1aNuPQ:19:24997)
    at https://frontend-assets.supabase.com/studio/7bd061a67016/_next/static/chunks/02wmul50qf~.k.js?dpl=dpl_9hVx9omuy9RfeTo5kHjRUi1aNuPQ:19:25259
    at https://frontend-assets.supabase.com/studio/7bd061a67016/_next/static/chunks/02wmul50qf~.k.js?dpl=dpl_9hVx9omuy9RfeTo5kHjRUi1aNuPQ:19:25336
    at new Promise (<anonymous>)
    at eU._refreshAccessToken (https://frontend-assets.supabase.com/studio/7bd061a67016/_next/static/chunks/02wmul50qf~.k.js?dpl=dpl_9hVx9omuy9RfeTo5kHjRUi1aNuPQ:19:25190)
    at eU._callRefreshToken (https://frontend-assets.supabase.com/studio/7bd061a67016/_next/static/chunks/02wmul50qf~.k.js?dpl=dpl_9hVx9omuy9RfeTo5kHjRUi1aNuPQ:19:27926)
    at eU.__loadSession (https://frontend-assets.supabase.com/studio/7bd061a67016/_next/static/chunks/02wmul50qf~.k.js?dpl=dpl_9hVx9omuy9RfeTo5kHjRUi1aNuPQ:19:14191)
    at async eU._useSession (https://frontend-assets.supabase.com/studio/7bd061a67016/_next/static/chunks/02wmul50qf~.k.js?dpl=dpl_9hVx9omuy9RfeTo5kHjRUi1aNuPQ:19:12392)
    at async https://frontend-assets.supabase.com/studio/7bd061a67016/_next/static/chunks/02wmul50qf~.k.js?dpl=dpl_9hVx9omuy9RfeTo5kHjRUi1aNuPQ:19:31166
    at async https://frontend-assets.supabase.com/studio/7bd061a67016/_next/static/chunks/02wmul50qf~.k.js?dpl=dpl_9hVx9omuy9RfeTo5kHjRUi1aNuPQ:19:11706 @ https://frontend-assets.supabase.com/studio/7bd061a67016/_next/static/chunks/0s851pjktpv32.js?dpl=dpl_9hVx9omuy9RfeTo5kHjRUi1aNuPQ:12
[ 2364559ms] [ERROR] Failed to load resource: net::ERR_CONNECTION_CLOSED @ https://auth.supabase.io/auth/v1/token?grant_type=refresh_token:0
[ 2364560ms] [ERROR] TypeError: Failed to fetch (auth.supabase.io)
    at https://frontend-assets.supabase.com/studio/7bd061a67016/_next/static/chunks/0s851pjktpv32.js?dpl=dpl_9hVx9omuy9RfeTo5kHjRUi1aNuPQ:13:1799
    at https://ss.supabase.com/4icgbaujh.js?60a389s=aWQ9R1RNLVdDVlJMTU43&page=2:1:670
    at https://ss.supabase.com/4icgbaujh.js?60a389s=aWQ9R1RNLVdDVlJMTU43&page=2:757:632
    at push.U (https://frontend-assets.supabase.com/studio/7bd061a67016/_next/static/chunks/02wmul50qf~.k.js?dpl=dpl_9hVx9omuy9RfeTo5kHjRUi1aNuPQ:6:6093)
    at ea (https://frontend-assets.supabase.com/studio/7bd061a67016/_next/static/chunks/02wmul50qf~.k.js?dpl=dpl_9hVx9omuy9RfeTo5kHjRUi1aNuPQ:6:11438)
    at es (https://frontend-assets.supabase.com/studio/7bd061a67016/_next/static/chunks/02wmul50qf~.k.js?dpl=dpl_9hVx9omuy9RfeTo5kHjRUi1aNuPQ:6:10966)
    at r (https://frontend-assets.supabase.com/studio/7bd061a67016/_next/static/chunks/02wmul50qf~.k.js?dpl=dpl_9hVx9omuy9RfeTo5kHjRUi1aNuPQ:19:24997)
    at async https://frontend-assets.supabase.com/studio/7bd061a67016/_next/static/chunks/02wmul50qf~.k.js?dpl=dpl_9hVx9omuy9RfeTo5kHjRUi1aNuPQ:19:25253 @ https://frontend-assets.supabase.com/studio/7bd061a67016/_next/static/chunks/0s851pjktpv32.js?dpl=dpl_9hVx9omuy9RfeTo5kHjRUi1aNuPQ:12
[ 2374982ms] [ERROR] Failed to load resource: net::ERR_CONNECTION_CLOSED @ https://auth.supabase.io/auth/v1/token?grant_type=refresh_token:0
[ 2374982ms] [ERROR] TypeError: Failed to fetch (auth.supabase.io)
    at https://frontend-assets.supabase.com/studio/7bd061a67016/_next/static/chunks/0s851pjktpv32.js?dpl=dpl_9hVx9omuy9RfeTo5kHjRUi1aNuPQ:13:1799
    at https://ss.supabase.com/4icgbaujh.js?60a389s=aWQ9R1RNLVdDVlJMTU43&page=2:1:670
    at https://ss.supabase.com/4icgbaujh.js?60a389s=aWQ9R1RNLVdDVlJMTU43&page=2:757:632
    at push.U (https://frontend-assets.supabase.com/studio/7bd061a67016/_next/static/chunks/02wmul50qf~.k.js?dpl=dpl_9hVx9omuy9RfeTo5kHjRUi1aNuPQ:6:6093)
    at ea (https://frontend-assets.supabase.com/studio/7bd061a67016/_next/static/chunks/02wmul50qf~.k.js?dpl=dpl_9hVx9omuy9RfeTo5kHjRUi1aNuPQ:6:11438)
    at es (https://frontend-assets.supabase.com/studio/7bd061a67016/_next/static/chunks/02wmul50qf~.k.js?dpl=dpl_9hVx9omuy9RfeTo5kHjRUi1aNuPQ:6:10966)
    at r (https://frontend-assets.supabase.com/studio/7bd061a67016/_next/static/chunks/02wmul50qf~.k.js?dpl=dpl_9hVx9omuy9RfeTo5kHjRUi1aNuPQ:19:24997)
    at async https://frontend-assets.supabase.com/studio/7bd061a67016/_next/static/chunks/02wmul50qf~.k.js?dpl=dpl_9hVx9omuy9RfeTo5kHjRUi1aNuPQ:19:25253 @ https://frontend-assets.supabase.com/studio/7bd061a67016/_next/static/chunks/0s851pjktpv32.js?dpl=dpl_9hVx9omuy9RfeTo5kHjRUi1aNuPQ:12
[ 2384987ms] [ERROR] Failed to load resource: net::ERR_CONNECTION_CLOSED @ https://auth.supabase.io/auth/v1/token?grant_type=refresh_token:0
[ 2384987ms] [ERROR] TypeError: Failed to fetch (auth.supabase.io)
    at https://frontend-assets.supabase.com/studio/7bd061a67016/_next/static/chunks/0s851pjktpv32.js?dpl=dpl_9hVx9omuy9RfeTo5kHjRUi1aNuPQ:13:1799
    at https://ss.supabase.com/4icgbaujh.js?60a389s=aWQ9R1RNLVdDVlJMTU43&page=2:1:670
    at https://ss.supabase.com/4icgbaujh.js?60a389s=aWQ9R1RNLVdDVlJMTU43&page=2:757:632
    at push.U (https://frontend-assets.supabase.com/studio/7bd061a67016/_next/static/chunks/02wmul50qf~.k.js?dpl=dpl_9hVx9omuy9RfeTo5kHjRUi1aNuPQ:6:6093)
    at ea (https://frontend-assets.supabase.com/studio/7bd061a67016/_next/static/chunks/02wmul50qf~.k.js?dpl=dpl_9hVx9omuy9RfeTo5kHjRUi1aNuPQ:6:11438)
    at es (https://frontend-assets.supabase.com/studio/7bd061a67016/_next/static/chunks/02wmul50qf~.k.js?dpl=dpl_9hVx9omuy9RfeTo5kHjRUi1aNuPQ:6:10966)
    at r (https://frontend-assets.supabase.com/studio/7bd061a67016/_next/static/chunks/02wmul50qf~.k.js?dpl=dpl_9hVx9omuy9RfeTo5kHjRUi1aNuPQ:19:24997)
    at https://frontend-assets.supabase.com/studio/7bd061a67016/_next/static/chunks/02wmul50qf~.k.js?dpl=dpl_9hVx9omuy9RfeTo5kHjRUi1aNuPQ:19:25259
    at https://frontend-assets.supabase.com/studio/7bd061a67016/_next/static/chunks/02wmul50qf~.k.js?dpl=dpl_9hVx9omuy9RfeTo5kHjRUi1aNuPQ:19:25336
    at new Promise (<anonymous>)
    at eU._refreshAccessToken (https://frontend-assets.supabase.com/studio/7bd061a67016/_next/static/chunks/02wmul50qf~.k.js?dpl=dpl_9hVx9omuy9RfeTo5kHjRUi1aNuPQ:19:25190)
    at eU._callRefreshToken (https://frontend-assets.supabase.com/studio/7bd061a67016/_next/static/chunks/02wmul50qf~.k.js?dpl=dpl_9hVx9omuy9RfeTo5kHjRUi1aNuPQ:19:27926)
    at eU.__loadSession (https://frontend-assets.supabase.com/studio/7bd061a67016/_next/static/chunks/02wmul50qf~.k.js?dpl=dpl_9hVx9omuy9RfeTo5kHjRUi1aNuPQ:19:14191)
    at async eU._useSession (https://frontend-assets.supabase.com/studio/7bd061a67016/_next/static/chunks/02wmul50qf~.k.js?dpl=dpl_9hVx9omuy9RfeTo5kHjRUi1aNuPQ:19:12392)
    at async https://frontend-assets.supabase.com/studio/7bd061a67016/_next/static/chunks/02wmul50qf~.k.js?dpl=dpl_9hVx9omuy9RfeTo5kHjRUi1aNuPQ:19:31166
    at async https://frontend-assets.supabase.com/studio/7bd061a67016/_next/static/chunks/02wmul50qf~.k.js?dpl=dpl_9hVx9omuy9RfeTo5kHjRUi1aNuPQ:19:11706 @ https://frontend-assets.supabase.com/studio/7bd061a67016/_next/static/chunks/0s851pjktpv32.js?dpl=dpl_9hVx9omuy9RfeTo5kHjRUi1aNuPQ:12
[ 2395200ms] [ERROR] Failed to load resource: net::ERR_CONNECTION_CLOSED @ https://auth.supabase.io/auth/v1/token?grant_type=refresh_token:0
[ 2395200ms] [ERROR] TypeError: Failed to fetch (auth.supabase.io)
    at https://frontend-assets.supabase.com/studio/7bd061a67016/_next/static/chunks/0s851pjktpv32.js?dpl=dpl_9hVx9omuy9RfeTo5kHjRUi1aNuPQ:13:1799
    at https://ss.supabase.com/4icgbaujh.js?60a389s=aWQ9R1RNLVdDVlJMTU43&page=2:1:670
    at https://ss.supabase.com/4icgbaujh.js?60a389s=aWQ9R1RNLVdDVlJMTU43&page=2:757:632
    at push.U (https://frontend-assets.supabase.com/studio/7bd061a67016/_next/static/chunks/02wmul50qf~.k.js?dpl=dpl_9hVx9omuy9RfeTo5kHjRUi1aNuPQ:6:6093)
    at ea (https://frontend-assets.supabase.com/studio/7bd061a67016/_next/static/chunks/02wmul50qf~.k.js?dpl=dpl_9hVx9omuy9RfeTo5kHjRUi1aNuPQ:6:11438)
    at es (https://frontend-assets.supabase.com/studio/7bd061a67016/_next/static/chunks/02wmul50qf~.k.js?dpl=dpl_9hVx9omuy9RfeTo5kHjRUi1aNuPQ:6:10966)
    at r (https://frontend-assets.supabase.com/studio/7bd061a67016/_next/static/chunks/02wmul50qf~.k.js?dpl=dpl_9hVx9omuy9RfeTo5kHjRUi1aNuPQ:19:24997)
    at async https://frontend-assets.supabase.com/studio/7bd061a67016/_next/static/chunks/02wmul50qf~.k.js?dpl=dpl_9hVx9omuy9RfeTo5kHjRUi1aNuPQ:19:25253 @ https://frontend-assets.supabase.com/studio/7bd061a67016/_next/static/chunks/0s851pjktpv32.js?dpl=dpl_9hVx9omuy9RfeTo5kHjRUi1aNuPQ:12
[ 2405617ms] [ERROR] Failed to load resource: net::ERR_CONNECTION_CLOSED @ https://auth.supabase.io/auth/v1/token?grant_type=refresh_token:0
[ 2405617ms] [ERROR] TypeError: Failed to fetch (auth.supabase.io)
    at https://frontend-assets.supabase.com/studio/7bd061a67016/_next/static/chunks/0s851pjktpv32.js?dpl=dpl_9hVx9omuy9RfeTo5kHjRUi1aNuPQ:13:1799
    at https://ss.supabase.com/4icgbaujh.js?60a389s=aWQ9R1RNLVdDVlJMTU43&page=2:1:670
    at https://ss.supabase.com/4icgbaujh.js?60a389s=aWQ9R1RNLVdDVlJMTU43&page=2:757:632
    at push.U (https://frontend-assets.supabase.com/studio/7bd061a67016/_next/static/chunks/02wmul50qf~.k.js?dpl=dpl_9hVx9omuy9RfeTo5kHjRUi1aNuPQ:6:6093)
    at ea (https://frontend-assets.supabase.com/studio/7bd061a67016/_next/static/chunks/02wmul50qf~.k.js?dpl=dpl_9hVx9omuy9RfeTo5kHjRUi1aNuPQ:6:11438)
    at es (https://frontend-assets.supabase.com/studio/7bd061a67016/_next/static/chunks/02wmul50qf~.k.js?dpl=dpl_9hVx9omuy9RfeTo5kHjRUi1aNuPQ:6:10966)
    at r (https://frontend-assets.supabase.com/studio/7bd061a67016/_next/static/chunks/02wmul50qf~.k.js?dpl=dpl_9hVx9omuy9RfeTo5kHjRUi1aNuPQ:19:24997)
    at async https://frontend-assets.supabase.com/studio/7bd061a67016/_next/static/chunks/02wmul50qf~.k.js?dpl=dpl_9hVx9omuy9RfeTo5kHjRUi1aNuPQ:19:25253 @ https://frontend-assets.supabase.com/studio/7bd061a67016/_next/static/chunks/0s851pjktpv32.js?dpl=dpl_9hVx9omuy9RfeTo5kHjRUi1aNuPQ:12
[ 2415624ms] [ERROR] Failed to load resource: net::ERR_CONNECTION_CLOSED @ https://auth.supabase.io/auth/v1/token?grant_type=refresh_token:0
[ 2415624ms] [ERROR] TypeError: Failed to fetch (auth.supabase.io)
    at https://frontend-assets.supabase.com/studio/7bd061a67016/_next/static/chunks/0s851pjktpv32.js?dpl=dpl_9hVx9omuy9RfeTo5kHjRUi1aNuPQ:13:1799
    at https://ss.supabase.com/4icgbaujh.js?60a389s=aWQ9R1RNLVdDVlJMTU43&page=2:1:670
    at https://ss.supabase.com/4icgbaujh.js?60a389s=aWQ9R1RNLVdDVlJMTU43&page=2:757:632
    at push.U (https://frontend-assets.supabase.com/studio/7bd061a67016/_next/static/chunks/02wmul50qf~.k.js?dpl=dpl_9hVx9omuy9RfeTo5kHjRUi1aNuPQ:6:6093)
    at ea (https://frontend-assets.supabase.com/studio/7bd061a67016/_next/static/chunks/02wmul50qf~.k.js?dpl=dpl_9hVx9omuy9RfeTo5kHjRUi1aNuPQ:6:11438)
    at es (https://frontend-assets.supabase.com/studio/7bd061a67016/_next/static/chunks/02wmul50qf~.k.js?dpl=dpl_9hVx9omuy9RfeTo5kHjRUi1aNuPQ:6:10966)
    at r (https://frontend-assets.supabase.com/studio/7bd061a67016/_next/static/chunks/02wmul50qf~.k.js?dpl=dpl_9hVx9omuy9RfeTo5kHjRUi1aNuPQ:19:24997)
    at https://frontend-assets.supabase.com/studio/7bd061a67016/_next/static/chunks/02wmul50qf~.k.js?dpl=dpl_9hVx9omuy9RfeTo5kHjRUi1aNuPQ:19:25259
    at https://frontend-assets.supabase.com/studio/7bd061a67016/_next/static/chunks/02wmul50qf~.k.js?dpl=dpl_9hVx9omuy9RfeTo5kHjRUi1aNuPQ:19:25336
    at new Promise (<anonymous>)
    at eU._refreshAccessToken (https://frontend-assets.supabase.com/studio/7bd061a67016/_next/static/chunks/02wmul50qf~.k.js?dpl=dpl_9hVx9omuy9RfeTo5kHjRUi1aNuPQ:19:25190)
    at eU._callRefreshToken (https://frontend-assets.supabase.com/studio/7bd061a67016/_next/static/chunks/02wmul50qf~.k.js?dpl=dpl_9hVx9omuy9RfeTo5kHjRUi1aNuPQ:19:27926)
    at eU.__loadSession (https://frontend-assets.supabase.com/studio/7bd061a67016/_next/static/chunks/02wmul50qf~.k.js?dpl=dpl_9hVx9omuy9RfeTo5kHjRUi1aNuPQ:19:14191)
    at async eU._useSession (https://frontend-assets.supabase.com/studio/7bd061a67016/_next/static/chunks/02wmul50qf~.k.js?dpl=dpl_9hVx9omuy9RfeTo5kHjRUi1aNuPQ:19:12392)
    at async https://frontend-assets.supabase.com/studio/7bd061a67016/_next/static/chunks/02wmul50qf~.k.js?dpl=dpl_9hVx9omuy9RfeTo5kHjRUi1aNuPQ:19:31166
    at async https://frontend-assets.supabase.com/studio/7bd061a67016/_next/static/chunks/02wmul50qf~.k.js?dpl=dpl_9hVx9omuy9RfeTo5kHjRUi1aNuPQ:19:11706 @ https://frontend-assets.supabase.com/studio/7bd061a67016/_next/static/chunks/0s851pjktpv32.js?dpl=dpl_9hVx9omuy9RfeTo5kHjRUi1aNuPQ:12
[ 2425842ms] [ERROR] Failed to load resource: net::ERR_CONNECTION_CLOSED @ https://auth.supabase.io/auth/v1/token?grant_type=refresh_token:0
[ 2425842ms] [ERROR] TypeError: Failed to fetch (auth.supabase.io)
    at https://frontend-assets.supabase.com/studio/7bd061a67016/_next/static/chunks/0s851pjktpv32.js?dpl=dpl_9hVx9omuy9RfeTo5kHjRUi1aNuPQ:13:1799
    at https://ss.supabase.com/4icgbaujh.js?60a389s=aWQ9R1RNLVdDVlJMTU43&page=2:1:670
    at https://ss.supabase.com/4icgbaujh.js?60a389s=aWQ9R1RNLVdDVlJMTU43&page=2:757:632
    at push.U (https://frontend-assets.supabase.com/studio/7bd061a67016/_next/static/chunks/02wmul50qf~.k.js?dpl=dpl_9hVx9omuy9RfeTo5kHjRUi1aNuPQ:6:6093)
    at ea (https://frontend-assets.supabase.com/studio/7bd061a67016/_next/static/chunks/02wmul50qf~.k.js?dpl=dpl_9hVx9omuy9RfeTo5kHjRUi1aNuPQ:6:11438)
    at es (https://frontend-assets.supabase.com/studio/7bd061a67016/_next/static/chunks/02wmul50qf~.k.js?dpl=dpl_9hVx9omuy9RfeTo5kHjRUi1aNuPQ:6:10966)
    at r (https://frontend-assets.supabase.com/studio/7bd061a67016/_next/static/chunks/02wmul50qf~.k.js?dpl=dpl_9hVx9omuy9RfeTo5kHjRUi1aNuPQ:19:24997)
    at async https://frontend-assets.supabase.com/studio/7bd061a67016/_next/static/chunks/02wmul50qf~.k.js?dpl=dpl_9hVx9omuy9RfeTo5kHjRUi1aNuPQ:19:25253 @ https://frontend-assets.supabase.com/studio/7bd061a67016/_next/static/chunks/0s851pjktpv32.js?dpl=dpl_9hVx9omuy9RfeTo5kHjRUi1aNuPQ:12
[ 2436268ms] [ERROR] Failed to load resource: net::ERR_CONNECTION_CLOSED @ https://auth.supabase.io/auth/v1/token?grant_type=refresh_token:0
[ 2436268ms] [ERROR] TypeError: Failed to fetch (auth.supabase.io)
    at https://frontend-assets.supabase.com/studio/7bd061a67016/_next/static/chunks/0s851pjktpv32.js?dpl=dpl_9hVx9omuy9RfeTo5kHjRUi1aNuPQ:13:1799
    at https://ss.supabase.com/4icgbaujh.js?60a389s=aWQ9R1RNLVdDVlJMTU43&page=2:1:670
    at https://ss.supabase.com/4icgbaujh.js?60a389s=aWQ9R1RNLVdDVlJMTU43&page=2:757:632
    at push.U (https://frontend-assets.supabase.com/studio/7bd061a67016/_next/static/chunks/02wmul50qf~.k.js?dpl=dpl_9hVx9omuy9RfeTo5kHjRUi1aNuPQ:6:6093)
    at ea (https://frontend-assets.supabase.com/studio/7bd061a67016/_next/static/chunks/02wmul50qf~.k.js?dpl=dpl_9hVx9omuy9RfeTo5kHjRUi1aNuPQ:6:11438)
    at es (https://frontend-assets.supabase.com/studio/7bd061a67016/_next/static/chunks/02wmul50qf~.k.js?dpl=dpl_9hVx9omuy9RfeTo5kHjRUi1aNuPQ:6:10966)
    at r (https://frontend-assets.supabase.com/studio/7bd061a67016/_next/static/chunks/02wmul50qf~.k.js?dpl=dpl_9hVx9omuy9RfeTo5kHjRUi1aNuPQ:19:24997)
    at async https://frontend-assets.supabase.com/studio/7bd061a67016/_next/static/chunks/02wmul50qf~.k.js?dpl=dpl_9hVx9omuy9RfeTo5kHjRUi1aNuPQ:19:25253 @ https://frontend-assets.supabase.com/studio/7bd061a67016/_next/static/chunks/0s851pjktpv32.js?dpl=dpl_9hVx9omuy9RfeTo5kHjRUi1aNuPQ:12
[ 2446274ms] [ERROR] Failed to load resource: net::ERR_CONNECTION_CLOSED @ https://auth.supabase.io/auth/v1/token?grant_type=refresh_token:0
[ 2446274ms] [ERROR] TypeError: Failed to fetch (auth.supabase.io)
    at https://frontend-assets.supabase.com/studio/7bd061a67016/_next/static/chunks/0s851pjktpv32.js?dpl=dpl_9hVx9omuy9RfeTo5kHjRUi1aNuPQ:13:1799
    at https://ss.supabase.com/4icgbaujh.js?60a389s=aWQ9R1RNLVdDVlJMTU43&page=2:1:670
    at https://ss.supabase.com/4icgbaujh.js?60a389s=aWQ9R1RNLVdDVlJMTU43&page=2:757:632
    at push.U (https://frontend-assets.supabase.com/studio/7bd061a67016/_next/static/chunks/02wmul50qf~.k.js?dpl=dpl_9hVx9omuy9RfeTo5kHjRUi1aNuPQ:6:6093)
    at ea (https://frontend-assets.supabase.com/studio/7bd061a67016/_next/static/chunks/02wmul50qf~.k.js?dpl=dpl_9hVx9omuy9RfeTo5kHjRUi1aNuPQ:6:11438)
    at es (https://frontend-assets.supabase.com/studio/7bd061a67016/_next/static/chunks/02wmul50qf~.k.js?dpl=dpl_9hVx9omuy9RfeTo5kHjRUi1aNuPQ:6:10966)
    at r (https://frontend-assets.supabase.com/studio/7bd061a67016/_next/static/chunks/02wmul50qf~.k.js?dpl=dpl_9hVx9omuy9RfeTo5kHjRUi1aNuPQ:19:24997)
    at https://frontend-assets.supabase.com/studio/7bd061a67016/_next/static/chunks/02wmul50qf~.k.js?dpl=dpl_9hVx9omuy9RfeTo5kHjRUi1aNuPQ:19:25259
    at https://frontend-assets.supabase.com/studio/7bd061a67016/_next/static/chunks/02wmul50qf~.k.js?dpl=dpl_9hVx9omuy9RfeTo5kHjRUi1aNuPQ:19:25336
    at new Promise (<anonymous>)
    at eU._refreshAccessToken (https://frontend-assets.supabase.com/studio/7bd061a67016/_next/static/chunks/02wmul50qf~.k.js?dpl=dpl_9hVx9omuy9RfeTo5kHjRUi1aNuPQ:19:25190)
    at eU._callRefreshToken (https://frontend-assets.supabase.com/studio/7bd061a67016/_next/static/chunks/02wmul50qf~.k.js?dpl=dpl_9hVx9omuy9RfeTo5kHjRUi1aNuPQ:19:27926)
    at eU.__loadSession (https://frontend-assets.supabase.com/studio/7bd061a67016/_next/static/chunks/02wmul50qf~.k.js?dpl=dpl_9hVx9omuy9RfeTo5kHjRUi1aNuPQ:19:14191)
    at async eU._useSession (https://frontend-assets.supabase.com/studio/7bd061a67016/_next/static/chunks/02wmul50qf~.k.js?dpl=dpl_9hVx9omuy9RfeTo5kHjRUi1aNuPQ:19:12392)
    at async https://frontend-assets.supabase.com/studio/7bd061a67016/_next/static/chunks/02wmul50qf~.k.js?dpl=dpl_9hVx9omuy9RfeTo5kHjRUi1aNuPQ:19:31166
    at async https://frontend-assets.supabase.com/studio/7bd061a67016/_next/static/chunks/02wmul50qf~.k.js?dpl=dpl_9hVx9omuy9RfeTo5kHjRUi1aNuPQ:19:11706 @ https://frontend-assets.supabase.com/studio/7bd061a67016/_next/static/chunks/0s851pjktpv32.js?dpl=dpl_9hVx9omuy9RfeTo5kHjRUi1aNuPQ:12
[ 2456492ms] [ERROR] Failed to load resource: net::ERR_CONNECTION_CLOSED @ https://auth.supabase.io/auth/v1/token?grant_type=refresh_token:0
[ 2456493ms] [ERROR] TypeError: Failed to fetch (auth.supabase.io)
    at https://frontend-assets.supabase.com/studio/7bd061a67016/_next/static/chunks/0s851pjktpv32.js?dpl=dpl_9hVx9omuy9RfeTo5kHjRUi1aNuPQ:13:1799
    at https://ss.supabase.com/4icgbaujh.js?60a389s=aWQ9R1RNLVdDVlJMTU43&page=2:1:670
    at https://ss.supabase.com/4icgbaujh.js?60a389s=aWQ9R1RNLVdDVlJMTU43&page=2:757:632
    at push.U (https://frontend-assets.supabase.com/studio/7bd061a67016/_next/static/chunks/02wmul50qf~.k.js?dpl=dpl_9hVx9omuy9RfeTo5kHjRUi1aNuPQ:6:6093)
    at ea (https://frontend-assets.supabase.com/studio/7bd061a67016/_next/static/chunks/02wmul50qf~.k.js?dpl=dpl_9hVx9omuy9RfeTo5kHjRUi1aNuPQ:6:11438)
    at es (https://frontend-assets.supabase.com/studio/7bd061a67016/_next/static/chunks/02wmul50qf~.k.js?dpl=dpl_9hVx9omuy9RfeTo5kHjRUi1aNuPQ:6:10966)
    at r (https://frontend-assets.supabase.com/studio/7bd061a67016/_next/static/chunks/02wmul50qf~.k.js?dpl=dpl_9hVx9omuy9RfeTo5kHjRUi1aNuPQ:19:24997)
    at async https://frontend-assets.supabase.com/studio/7bd061a67016/_next/static/chunks/02wmul50qf~.k.js?dpl=dpl_9hVx9omuy9RfeTo5kHjRUi1aNuPQ:19:25253 @ https://frontend-assets.supabase.com/studio/7bd061a67016/_next/static/chunks/0s851pjktpv32.js?dpl=dpl_9hVx9omuy9RfeTo5kHjRUi1aNuPQ:12
[ 2466906ms] [ERROR] Failed to load resource: net::ERR_CONNECTION_CLOSED @ https://auth.supabase.io/auth/v1/token?grant_type=refresh_token:0
[ 2466906ms] [ERROR] TypeError: Failed to fetch (auth.supabase.io)
    at https://frontend-assets.supabase.com/studio/7bd061a67016/_next/static/chunks/0s851pjktpv32.js?dpl=dpl_9hVx9omuy9RfeTo5kHjRUi1aNuPQ:13:1799
    at https://ss.supabase.com/4icgbaujh.js?60a389s=aWQ9R1RNLVdDVlJMTU43&page=2:1:670
    at https://ss.supabase.com/4icgbaujh.js?60a389s=aWQ9R1RNLVdDVlJMTU43&page=2:757:632
    at push.U (https://frontend-assets.supabase.com/studio/7bd061a67016/_next/static/chunks/02wmul50qf~.k.js?dpl=dpl_9hVx9omuy9RfeTo5kHjRUi1aNuPQ:6:6093)
    at ea (https://frontend-assets.supabase.com/studio/7bd061a67016/_next/static/chunks/02wmul50qf~.k.js?dpl=dpl_9hVx9omuy9RfeTo5kHjRUi1aNuPQ:6:11438)
    at es (https://frontend-assets.supabase.com/studio/7bd061a67016/_next/static/chunks/02wmul50qf~.k.js?dpl=dpl_9hVx9omuy9RfeTo5kHjRUi1aNuPQ:6:10966)
    at r (https://frontend-assets.supabase.com/studio/7bd061a67016/_next/static/chunks/02wmul50qf~.k.js?dpl=dpl_9hVx9omuy9RfeTo5kHjRUi1aNuPQ:19:24997)
    at async https://frontend-assets.supabase.com/studio/7bd061a67016/_next/static/chunks/02wmul50qf~.k.js?dpl=dpl_9hVx9omuy9RfeTo5kHjRUi1aNuPQ:19:25253 @ https://frontend-assets.supabase.com/studio/7bd061a67016/_next/static/chunks/0s851pjktpv32.js?dpl=dpl_9hVx9omuy9RfeTo5kHjRUi1aNuPQ:12
[ 2476911ms] [ERROR] Failed to load resource: net::ERR_CONNECTION_CLOSED @ https://auth.supabase.io/auth/v1/token?grant_type=refresh_token:0
[ 2476912ms] [ERROR] TypeError: Failed to fetch (auth.supabase.io)
    at https://frontend-assets.supabase.com/studio/7bd061a67016/_next/static/chunks/0s851pjktpv32.js?dpl=dpl_9hVx9omuy9RfeTo5kHjRUi1aNuPQ:13:1799
    at https://ss.supabase.com/4icgbaujh.js?60a389s=aWQ9R1RNLVdDVlJMTU43&page=2:1:670
    at https://ss.supabase.com/4icgbaujh.js?60a389s=aWQ9R1RNLVdDVlJMTU43&page=2:757:632
    at push.U (https://frontend-assets.supabase.com/studio/7bd061a67016/_next/static/chunks/02wmul50qf~.k.js?dpl=dpl_9hVx9omuy9RfeTo5kHjRUi1aNuPQ:6:6093)
    at ea (https://frontend-assets.supabase.com/studio/7bd061a67016/_next/static/chunks/02wmul50qf~.k.js?dpl=dpl_9hVx9omuy9RfeTo5kHjRUi1aNuPQ:6:11438)
    at es (https://frontend-assets.supabase.com/studio/7bd061a67016/_next/static/chunks/02wmul50qf~.k.js?dpl=dpl_9hVx9omuy9RfeTo5kHjRUi1aNuPQ:6:10966)
    at r (https://frontend-assets.supabase.com/studio/7bd061a67016/_next/static/chunks/02wmul50qf~.k.js?dpl=dpl_9hVx9omuy9RfeTo5kHjRUi1aNuPQ:19:24997)
    at https://frontend-assets.supabase.com/studio/7bd061a67016/_next/static/chunks/02wmul50qf~.k.js?dpl=dpl_9hVx9omuy9RfeTo5kHjRUi1aNuPQ:19:25259
    at https://frontend-assets.supabase.com/studio/7bd061a67016/_next/static/chunks/02wmul50qf~.k.js?dpl=dpl_9hVx9omuy9RfeTo5kHjRUi1aNuPQ:19:25336
    at new Promise (<anonymous>)
    at eU._refreshAccessToken (https://frontend-assets.supabase.com/studio/7bd061a67016/_next/static/chunks/02wmul50qf~.k.js?dpl=dpl_9hVx9omuy9RfeTo5kHjRUi1aNuPQ:19:25190)
    at eU._callRefreshToken (https://frontend-assets.supabase.com/studio/7bd061a67016/_next/static/chunks/02wmul50qf~.k.js?dpl=dpl_9hVx9omuy9RfeTo5kHjRUi1aNuPQ:19:27926)
    at eU.__loadSession (https://frontend-assets.supabase.com/studio/7bd061a67016/_next/static/chunks/02wmul50qf~.k.js?dpl=dpl_9hVx9omuy9RfeTo5kHjRUi1aNuPQ:19:14191)
    at async eU._useSession (https://frontend-assets.supabase.com/studio/7bd061a67016/_next/static/chunks/02wmul50qf~.k.js?dpl=dpl_9hVx9omuy9RfeTo5kHjRUi1aNuPQ:19:12392)
    at async https://frontend-assets.supabase.com/studio/7bd061a67016/_next/static/chunks/02wmul50qf~.k.js?dpl=dpl_9hVx9omuy9RfeTo5kHjRUi1aNuPQ:19:31166
    at async https://frontend-assets.supabase.com/studio/7bd061a67016/_next/static/chunks/02wmul50qf~.k.js?dpl=dpl_9hVx9omuy9RfeTo5kHjRUi1aNuPQ:19:11706 @ https://frontend-assets.supabase.com/studio/7bd061a67016/_next/static/chunks/0s851pjktpv32.js?dpl=dpl_9hVx9omuy9RfeTo5kHjRUi1aNuPQ:12
[ 2487121ms] [ERROR] Failed to load resource: net::ERR_CONNECTION_CLOSED @ https://auth.supabase.io/auth/v1/token?grant_type=refresh_token:0
[ 2487121ms] [ERROR] TypeError: Failed to fetch (auth.supabase.io)
    at https://frontend-assets.supabase.com/studio/7bd061a67016/_next/static/chunks/0s851pjktpv32.js?dpl=dpl_9hVx9omuy9RfeTo5kHjRUi1aNuPQ:13:1799
    at https://ss.supabase.com/4icgbaujh.js?60a389s=aWQ9R1RNLVdDVlJMTU43&page=2:1:670
    at https://ss.supabase.com/4icgbaujh.js?60a389s=aWQ9R1RNLVdDVlJMTU43&page=2:757:632
    at push.U (https://frontend-assets.supabase.com/studio/7bd061a67016/_next/static/chunks/02wmul50qf~.k.js?dpl=dpl_9hVx9omuy9RfeTo5kHjRUi1aNuPQ:6:6093)
    at ea (https://frontend-assets.supabase.com/studio/7bd061a67016/_next/static/chunks/02wmul50qf~.k.js?dpl=dpl_9hVx9omuy9RfeTo5kHjRUi1aNuPQ:6:11438)
    at es (https://frontend-assets.supabase.com/studio/7bd061a67016/_next/static/chunks/02wmul50qf~.k.js?dpl=dpl_9hVx9omuy9RfeTo5kHjRUi1aNuPQ:6:10966)
    at r (https://frontend-assets.supabase.com/studio/7bd061a67016/_next/static/chunks/02wmul50qf~.k.js?dpl=dpl_9hVx9omuy9RfeTo5kHjRUi1aNuPQ:19:24997)
    at async https://frontend-assets.supabase.com/studio/7bd061a67016/_next/static/chunks/02wmul50qf~.k.js?dpl=dpl_9hVx9omuy9RfeTo5kHjRUi1aNuPQ:19:25253 @ https://frontend-assets.supabase.com/studio/7bd061a67016/_next/static/chunks/0s851pjktpv32.js?dpl=dpl_9hVx9omuy9RfeTo5kHjRUi1aNuPQ:12
[ 2497536ms] [ERROR] Failed to load resource: net::ERR_CONNECTION_CLOSED @ https://auth.supabase.io/auth/v1/token?grant_type=refresh_token:0
[ 2497536ms] [ERROR] TypeError: Failed to fetch (auth.supabase.io)
    at https://frontend-assets.supabase.com/studio/7bd061a67016/_next/static/chunks/0s851pjktpv32.js?dpl=dpl_9hVx9omuy9RfeTo5kHjRUi1aNuPQ:13:1799
    at https://ss.supabase.com/4icgbaujh.js?60a389s=aWQ9R1RNLVdDVlJMTU43&page=2:1:670
    at https://ss.supabase.com/4icgbaujh.js?60a389s=aWQ9R1RNLVdDVlJMTU43&page=2:757:632
    at push.U (https://frontend-assets.supabase.com/studio/7bd061a67016/_next/static/chunks/02wmul50qf~.k.js?dpl=dpl_9hVx9omuy9RfeTo5kHjRUi1aNuPQ:6:6093)
    at ea (https://frontend-assets.supabase.com/studio/7bd061a67016/_next/static/chunks/02wmul50qf~.k.js?dpl=dpl_9hVx9omuy9RfeTo5kHjRUi1aNuPQ:6:11438)
    at es (https://frontend-assets.supabase.com/studio/7bd061a67016/_next/static/chunks/02wmul50qf~.k.js?dpl=dpl_9hVx9omuy9RfeTo5kHjRUi1aNuPQ:6:10966)
    at r (https://frontend-assets.supabase.com/studio/7bd061a67016/_next/static/chunks/02wmul50qf~.k.js?dpl=dpl_9hVx9omuy9RfeTo5kHjRUi1aNuPQ:19:24997)
    at async https://frontend-assets.supabase.com/studio/7bd061a67016/_next/static/chunks/02wmul50qf~.k.js?dpl=dpl_9hVx9omuy9RfeTo5kHjRUi1aNuPQ:19:25253 @ https://frontend-assets.supabase.com/studio/7bd061a67016/_next/static/chunks/0s851pjktpv32.js?dpl=dpl_9hVx9omuy9RfeTo5kHjRUi1aNuPQ:12
[ 2507541ms] [ERROR] Failed to load resource: net::ERR_CONNECTION_CLOSED @ https://auth.supabase.io/auth/v1/token?grant_type=refresh_token:0
[ 2507541ms] [ERROR] TypeError: Failed to fetch (auth.supabase.io)
    at https://frontend-assets.supabase.com/studio/7bd061a67016/_next/static/chunks/0s851pjktpv32.js?dpl=dpl_9hVx9omuy9RfeTo5kHjRUi1aNuPQ:13:1799
    at https://ss.supabase.com/4icgbaujh.js?60a389s=aWQ9R1RNLVdDVlJMTU43&page=2:1:670
    at https://ss.supabase.com/4icgbaujh.js?60a389s=aWQ9R1RNLVdDVlJMTU43&page=2:757:632
    at push.U (https://frontend-assets.supabase.com/studio/7bd061a67016/_next/static/chunks/02wmul50qf~.k.js?dpl=dpl_9hVx9omuy9RfeTo5kHjRUi1aNuPQ:6:6093)
    at ea (https://frontend-assets.supabase.com/studio/7bd061a67016/_next/static/chunks/02wmul50qf~.k.js?dpl=dpl_9hVx9omuy9RfeTo5kHjRUi1aNuPQ:6:11438)
    at es (https://frontend-assets.supabase.com/studio/7bd061a67016/_next/static/chunks/02wmul50qf~.k.js?dpl=dpl_9hVx9omuy9RfeTo5kHjRUi1aNuPQ:6:10966)
    at r (https://frontend-assets.supabase.com/studio/7bd061a67016/_next/static/chunks/02wmul50qf~.k.js?dpl=dpl_9hVx9omuy9RfeTo5kHjRUi1aNuPQ:19:24997)
    at https://frontend-assets.supabase.com/studio/7bd061a67016/_next/static/chunks/02wmul50qf~.k.js?dpl=dpl_9hVx9omuy9RfeTo5kHjRUi1aNuPQ:19:25259
    at https://frontend-assets.supabase.com/studio/7bd061a67016/_next/static/chunks/02wmul50qf~.k.js?dpl=dpl_9hVx9omuy9RfeTo5kHjRUi1aNuPQ:19:25336
    at new Promise (<anonymous>)
    at eU._refreshAccessToken (https://frontend-assets.supabase.com/studio/7bd061a67016/_next/static/chunks/02wmul50qf~.k.js?dpl=dpl_9hVx9omuy9RfeTo5kHjRUi1aNuPQ:19:25190)
    at eU._callRefreshToken (https://frontend-assets.supabase.com/studio/7bd061a67016/_next/static/chunks/02wmul50qf~.k.js?dpl=dpl_9hVx9omuy9RfeTo5kHjRUi1aNuPQ:19:27926)
    at eU.__loadSession (https://frontend-assets.supabase.com/studio/7bd061a67016/_next/static/chunks/02wmul50qf~.k.js?dpl=dpl_9hVx9omuy9RfeTo5kHjRUi1aNuPQ:19:14191)
    at async eU._useSession (https://frontend-assets.supabase.com/studio/7bd061a67016/_next/static/chunks/02wmul50qf~.k.js?dpl=dpl_9hVx9omuy9RfeTo5kHjRUi1aNuPQ:19:12392)
    at async https://frontend-assets.supabase.com/studio/7bd061a67016/_next/static/chunks/02wmul50qf~.k.js?dpl=dpl_9hVx9omuy9RfeTo5kHjRUi1aNuPQ:19:31166
    at async https://frontend-assets.supabase.com/studio/7bd061a67016/_next/static/chunks/02wmul50qf~.k.js?dpl=dpl_9hVx9omuy9RfeTo5kHjRUi1aNuPQ:19:11706 @ https://frontend-assets.supabase.com/studio/7bd061a67016/_next/static/chunks/0s851pjktpv32.js?dpl=dpl_9hVx9omuy9RfeTo5kHjRUi1aNuPQ:12
[ 2517751ms] [ERROR] Failed to load resource: net::ERR_CONNECTION_CLOSED @ https://auth.supabase.io/auth/v1/token?grant_type=refresh_token:0
[ 2517752ms] [ERROR] TypeError: Failed to fetch (auth.supabase.io)
    at https://frontend-assets.supabase.com/studio/7bd061a67016/_next/static/chunks/0s851pjktpv32.js?dpl=dpl_9hVx9omuy9RfeTo5kHjRUi1aNuPQ:13:1799
    at https://ss.supabase.com/4icgbaujh.js?60a389s=aWQ9R1RNLVdDVlJMTU43&page=2:1:670
    at https://ss.supabase.com/4icgbaujh.js?60a389s=aWQ9R1RNLVdDVlJMTU43&page=2:757:632
    at push.U (https://frontend-assets.supabase.com/studio/7bd061a67016/_next/static/chunks/02wmul50qf~.k.js?dpl=dpl_9hVx9omuy9RfeTo5kHjRUi1aNuPQ:6:6093)
    at ea (https://frontend-assets.supabase.com/studio/7bd061a67016/_next/static/chunks/02wmul50qf~.k.js?dpl=dpl_9hVx9omuy9RfeTo5kHjRUi1aNuPQ:6:11438)
    at es (https://frontend-assets.supabase.com/studio/7bd061a67016/_next/static/chunks/02wmul50qf~.k.js?dpl=dpl_9hVx9omuy9RfeTo5kHjRUi1aNuPQ:6:10966)
    at r (https://frontend-assets.supabase.com/studio/7bd061a67016/_next/static/chunks/02wmul50qf~.k.js?dpl=dpl_9hVx9omuy9RfeTo5kHjRUi1aNuPQ:19:24997)
    at async https://frontend-assets.supabase.com/studio/7bd061a67016/_next/static/chunks/02wmul50qf~.k.js?dpl=dpl_9hVx9omuy9RfeTo5kHjRUi1aNuPQ:19:25253 @ https://frontend-assets.supabase.com/studio/7bd061a67016/_next/static/chunks/0s851pjktpv32.js?dpl=dpl_9hVx9omuy9RfeTo5kHjRUi1aNuPQ:12
[ 2528169ms] [ERROR] Failed to load resource: net::ERR_CONNECTION_CLOSED @ https://auth.supabase.io/auth/v1/token?grant_type=refresh_token:0
[ 2528169ms] [ERROR] TypeError: Failed to fetch (auth.supabase.io)
    at https://frontend-assets.supabase.com/studio/7bd061a67016/_next/static/chunks/0s851pjktpv32.js?dpl=dpl_9hVx9omuy9RfeTo5kHjRUi1aNuPQ:13:1799
    at https://ss.supabase.com/4icgbaujh.js?60a389s=aWQ9R1RNLVdDVlJMTU43&page=2:1:670
    at https://ss.supabase.com/4icgbaujh.js?60a389s=aWQ9R1RNLVdDVlJMTU43&page=2:757:632
    at push.U (https://frontend-assets.supabase.com/studio/7bd061a67016/_next/static/chunks/02wmul50qf~.k.js?dpl=dpl_9hVx9omuy9RfeTo5kHjRUi1aNuPQ:6:6093)
    at ea (https://frontend-assets.supabase.com/studio/7bd061a67016/_next/static/chunks/02wmul50qf~.k.js?dpl=dpl_9hVx9omuy9RfeTo5kHjRUi1aNuPQ:6:11438)
    at es (https://frontend-assets.supabase.com/studio/7bd061a67016/_next/static/chunks/02wmul50qf~.k.js?dpl=dpl_9hVx9omuy9RfeTo5kHjRUi1aNuPQ:6:10966)
    at r (https://frontend-assets.supabase.com/studio/7bd061a67016/_next/static/chunks/02wmul50qf~.k.js?dpl=dpl_9hVx9omuy9RfeTo5kHjRUi1aNuPQ:19:24997)
    at async https://frontend-assets.supabase.com/studio/7bd061a67016/_next/static/chunks/02wmul50qf~.k.js?dpl=dpl_9hVx9omuy9RfeTo5kHjRUi1aNuPQ:19:25253 @ https://frontend-assets.supabase.com/studio/7bd061a67016/_next/static/chunks/0s851pjktpv32.js?dpl=dpl_9hVx9omuy9RfeTo5kHjRUi1aNuPQ:12
[ 2538175ms] [ERROR] Failed to load resource: net::ERR_CONNECTION_CLOSED @ https://auth.supabase.io/auth/v1/token?grant_type=refresh_token:0
[ 2538175ms] [ERROR] TypeError: Failed to fetch (auth.supabase.io)
    at https://frontend-assets.supabase.com/studio/7bd061a67016/_next/static/chunks/0s851pjktpv32.js?dpl=dpl_9hVx9omuy9RfeTo5kHjRUi1aNuPQ:13:1799
    at https://ss.supabase.com/4icgbaujh.js?60a389s=aWQ9R1RNLVdDVlJMTU43&page=2:1:670
    at https://ss.supabase.com/4icgbaujh.js?60a389s=aWQ9R1RNLVdDVlJMTU43&page=2:757:632
    at push.U (https://frontend-assets.supabase.com/studio/7bd061a67016/_next/static/chunks/02wmul50qf~.k.js?dpl=dpl_9hVx9omuy9RfeTo5kHjRUi1aNuPQ:6:6093)
    at ea (https://frontend-assets.supabase.com/studio/7bd061a67016/_next/static/chunks/02wmul50qf~.k.js?dpl=dpl_9hVx9omuy9RfeTo5kHjRUi1aNuPQ:6:11438)
    at es (https://frontend-assets.supabase.com/studio/7bd061a67016/_next/static/chunks/02wmul50qf~.k.js?dpl=dpl_9hVx9omuy9RfeTo5kHjRUi1aNuPQ:6:10966)
    at r (https://frontend-assets.supabase.com/studio/7bd061a67016/_next/static/chunks/02wmul50qf~.k.js?dpl=dpl_9hVx9omuy9RfeTo5kHjRUi1aNuPQ:19:24997)
    at https://frontend-assets.supabase.com/studio/7bd061a67016/_next/static/chunks/02wmul50qf~.k.js?dpl=dpl_9hVx9omuy9RfeTo5kHjRUi1aNuPQ:19:25259
    at https://frontend-assets.supabase.com/studio/7bd061a67016/_next/static/chunks/02wmul50qf~.k.js?dpl=dpl_9hVx9omuy9RfeTo5kHjRUi1aNuPQ:19:25336
    at new Promise (<anonymous>)
    at eU._refreshAccessToken (https://frontend-assets.supabase.com/studio/7bd061a67016/_next/static/chunks/02wmul50qf~.k.js?dpl=dpl_9hVx9omuy9RfeTo5kHjRUi1aNuPQ:19:25190)
    at eU._callRefreshToken (https://frontend-assets.supabase.com/studio/7bd061a67016/_next/static/chunks/02wmul50qf~.k.js?dpl=dpl_9hVx9omuy9RfeTo5kHjRUi1aNuPQ:19:27926)
    at eU.__loadSession (https://frontend-assets.supabase.com/studio/7bd061a67016/_next/static/chunks/02wmul50qf~.k.js?dpl=dpl_9hVx9omuy9RfeTo5kHjRUi1aNuPQ:19:14191)
    at async eU._useSession (https://frontend-assets.supabase.com/studio/7bd061a67016/_next/static/chunks/02wmul50qf~.k.js?dpl=dpl_9hVx9omuy9RfeTo5kHjRUi1aNuPQ:19:12392)
    at async https://frontend-assets.supabase.com/studio/7bd061a67016/_next/static/chunks/02wmul50qf~.k.js?dpl=dpl_9hVx9omuy9RfeTo5kHjRUi1aNuPQ:19:31166
    at async https://frontend-assets.supabase.com/studio/7bd061a67016/_next/static/chunks/02wmul50qf~.k.js?dpl=dpl_9hVx9omuy9RfeTo5kHjRUi1aNuPQ:19:11706 @ https://frontend-assets.supabase.com/studio/7bd061a67016/_next/static/chunks/0s851pjktpv32.js?dpl=dpl_9hVx9omuy9RfeTo5kHjRUi1aNuPQ:12
[ 2548384ms] [ERROR] Failed to load resource: net::ERR_CONNECTION_CLOSED @ https://auth.supabase.io/auth/v1/token?grant_type=refresh_token:0
[ 2548384ms] [ERROR] TypeError: Failed to fetch (auth.supabase.io)
    at https://frontend-assets.supabase.com/studio/7bd061a67016/_next/static/chunks/0s851pjktpv32.js?dpl=dpl_9hVx9omuy9RfeTo5kHjRUi1aNuPQ:13:1799
    at https://ss.supabase.com/4icgbaujh.js?60a389s=aWQ9R1RNLVdDVlJMTU43&page=2:1:670
    at https://ss.supabase.com/4icgbaujh.js?60a389s=aWQ9R1RNLVdDVlJMTU43&page=2:757:632
    at push.U (https://frontend-assets.supabase.com/studio/7bd061a67016/_next/static/chunks/02wmul50qf~.k.js?dpl=dpl_9hVx9omuy9RfeTo5kHjRUi1aNuPQ:6:6093)
    at ea (https://frontend-assets.supabase.com/studio/7bd061a67016/_next/static/chunks/02wmul50qf~.k.js?dpl=dpl_9hVx9omuy9RfeTo5kHjRUi1aNuPQ:6:11438)
    at es (https://frontend-assets.supabase.com/studio/7bd061a67016/_next/static/chunks/02wmul50qf~.k.js?dpl=dpl_9hVx9omuy9RfeTo5kHjRUi1aNuPQ:6:10966)
    at r (https://frontend-assets.supabase.com/studio/7bd061a67016/_next/static/chunks/02wmul50qf~.k.js?dpl=dpl_9hVx9omuy9RfeTo5kHjRUi1aNuPQ:19:24997)
    at async https://frontend-assets.supabase.com/studio/7bd061a67016/_next/static/chunks/02wmul50qf~.k.js?dpl=dpl_9hVx9omuy9RfeTo5kHjRUi1aNuPQ:19:25253 @ https://frontend-assets.supabase.com/studio/7bd061a67016/_next/static/chunks/0s851pjktpv32.js?dpl=dpl_9hVx9omuy9RfeTo5kHjRUi1aNuPQ:12
[ 2558793ms] [ERROR] Failed to load resource: net::ERR_CONNECTION_CLOSED @ https://auth.supabase.io/auth/v1/token?grant_type=refresh_token:0
[ 2558793ms] [ERROR] TypeError: Failed to fetch (auth.supabase.io)
    at https://frontend-assets.supabase.com/studio/7bd061a67016/_next/static/chunks/0s851pjktpv32.js?dpl=dpl_9hVx9omuy9RfeTo5kHjRUi1aNuPQ:13:1799
    at https://ss.supabase.com/4icgbaujh.js?60a389s=aWQ9R1RNLVdDVlJMTU43&page=2:1:670
    at https://ss.supabase.com/4icgbaujh.js?60a389s=aWQ9R1RNLVdDVlJMTU43&page=2:757:632
    at push.U (https://frontend-assets.supabase.com/studio/7bd061a67016/_next/static/chunks/02wmul50qf~.k.js?dpl=dpl_9hVx9omuy9RfeTo5kHjRUi1aNuPQ:6:6093)
    at ea (https://frontend-assets.supabase.com/studio/7bd061a67016/_next/static/chunks/02wmul50qf~.k.js?dpl=dpl_9hVx9omuy9RfeTo5kHjRUi1aNuPQ:6:11438)
    at es (https://frontend-assets.supabase.com/studio/7bd061a67016/_next/static/chunks/02wmul50qf~.k.js?dpl=dpl_9hVx9omuy9RfeTo5kHjRUi1aNuPQ:6:10966)
    at r (https://frontend-assets.supabase.com/studio/7bd061a67016/_next/static/chunks/02wmul50qf~.k.js?dpl=dpl_9hVx9omuy9RfeTo5kHjRUi1aNuPQ:19:24997)
    at async https://frontend-assets.supabase.com/studio/7bd061a67016/_next/static/chunks/02wmul50qf~.k.js?dpl=dpl_9hVx9omuy9RfeTo5kHjRUi1aNuPQ:19:25253 @ https://frontend-assets.supabase.com/studio/7bd061a67016/_next/static/chunks/0s851pjktpv32.js?dpl=dpl_9hVx9omuy9RfeTo5kHjRUi1aNuPQ:12
[ 2568798ms] [ERROR] Failed to load resource: net::ERR_CONNECTION_CLOSED @ https://auth.supabase.io/auth/v1/token?grant_type=refresh_token:0
[ 2568798ms] [ERROR] TypeError: Failed to fetch (auth.supabase.io)
    at https://frontend-assets.supabase.com/studio/7bd061a67016/_next/static/chunks/0s851pjktpv32.js?dpl=dpl_9hVx9omuy9RfeTo5kHjRUi1aNuPQ:13:1799
    at https://ss.supabase.com/4icgbaujh.js?60a389s=aWQ9R1RNLVdDVlJMTU43&page=2:1:670
    at https://ss.supabase.com/4icgbaujh.js?60a389s=aWQ9R1RNLVdDVlJMTU43&page=2:757:632
    at push.U (https://frontend-assets.supabase.com/studio/7bd061a67016/_next/static/chunks/02wmul50qf~.k.js?dpl=dpl_9hVx9omuy9RfeTo5kHjRUi1aNuPQ:6:6093)
    at ea (https://frontend-assets.supabase.com/studio/7bd061a67016/_next/static/chunks/02wmul50qf~.k.js?dpl=dpl_9hVx9omuy9RfeTo5kHjRUi1aNuPQ:6:11438)
    at es (https://frontend-assets.supabase.com/studio/7bd061a67016/_next/static/chunks/02wmul50qf~.k.js?dpl=dpl_9hVx9omuy9RfeTo5kHjRUi1aNuPQ:6:10966)
    at r (https://frontend-assets.supabase.com/studio/7bd061a67016/_next/static/chunks/02wmul50qf~.k.js?dpl=dpl_9hVx9omuy9RfeTo5kHjRUi1aNuPQ:19:24997)
    at https://frontend-assets.supabase.com/studio/7bd061a67016/_next/static/chunks/02wmul50qf~.k.js?dpl=dpl_9hVx9omuy9RfeTo5kHjRUi1aNuPQ:19:25259
    at https://frontend-assets.supabase.com/studio/7bd061a67016/_next/static/chunks/02wmul50qf~.k.js?dpl=dpl_9hVx9omuy9RfeTo5kHjRUi1aNuPQ:19:25336
    at new Promise (<anonymous>)
    at eU._refreshAccessToken (https://frontend-assets.supabase.com/studio/7bd061a67016/_next/static/chunks/02wmul50qf~.k.js?dpl=dpl_9hVx9omuy9RfeTo5kHjRUi1aNuPQ:19:25190)
    at eU._callRefreshToken (https://frontend-assets.supabase.com/studio/7bd061a67016/_next/static/chunks/02wmul50qf~.k.js?dpl=dpl_9hVx9omuy9RfeTo5kHjRUi1aNuPQ:19:27926)
    at eU.__loadSession (https://frontend-assets.supabase.com/studio/7bd061a67016/_next/static/chunks/02wmul50qf~.k.js?dpl=dpl_9hVx9omuy9RfeTo5kHjRUi1aNuPQ:19:14191)
    at async eU._useSession (https://frontend-assets.supabase.com/studio/7bd061a67016/_next/static/chunks/02wmul50qf~.k.js?dpl=dpl_9hVx9omuy9RfeTo5kHjRUi1aNuPQ:19:12392)
    at async https://frontend-assets.supabase.com/studio/7bd061a67016/_next/static/chunks/02wmul50qf~.k.js?dpl=dpl_9hVx9omuy9RfeTo5kHjRUi1aNuPQ:19:31166
    at async https://frontend-assets.supabase.com/studio/7bd061a67016/_next/static/chunks/02wmul50qf~.k.js?dpl=dpl_9hVx9omuy9RfeTo5kHjRUi1aNuPQ:19:11706 @ https://frontend-assets.supabase.com/studio/7bd061a67016/_next/static/chunks/0s851pjktpv32.js?dpl=dpl_9hVx9omuy9RfeTo5kHjRUi1aNuPQ:12
[ 2579011ms] [ERROR] Failed to load resource: net::ERR_CONNECTION_CLOSED @ https://auth.supabase.io/auth/v1/token?grant_type=refresh_token:0
[ 2579011ms] [ERROR] TypeError: Failed to fetch (auth.supabase.io)
    at https://frontend-assets.supabase.com/studio/7bd061a67016/_next/static/chunks/0s851pjktpv32.js?dpl=dpl_9hVx9omuy9RfeTo5kHjRUi1aNuPQ:13:1799
    at https://ss.supabase.com/4icgbaujh.js?60a389s=aWQ9R1RNLVdDVlJMTU43&page=2:1:670
    at https://ss.supabase.com/4icgbaujh.js?60a389s=aWQ9R1RNLVdDVlJMTU43&page=2:757:632
    at push.U (https://frontend-assets.supabase.com/studio/7bd061a67016/_next/static/chunks/02wmul50qf~.k.js?dpl=dpl_9hVx9omuy9RfeTo5kHjRUi1aNuPQ:6:6093)
    at ea (https://frontend-assets.supabase.com/studio/7bd061a67016/_next/static/chunks/02wmul50qf~.k.js?dpl=dpl_9hVx9omuy9RfeTo5kHjRUi1aNuPQ:6:11438)
    at es (https://frontend-assets.supabase.com/studio/7bd061a67016/_next/static/chunks/02wmul50qf~.k.js?dpl=dpl_9hVx9omuy9RfeTo5kHjRUi1aNuPQ:6:10966)
    at r (https://frontend-assets.supabase.com/studio/7bd061a67016/_next/static/chunks/02wmul50qf~.k.js?dpl=dpl_9hVx9omuy9RfeTo5kHjRUi1aNuPQ:19:24997)
    at async https://frontend-assets.supabase.com/studio/7bd061a67016/_next/static/chunks/02wmul50qf~.k.js?dpl=dpl_9hVx9omuy9RfeTo5kHjRUi1aNuPQ:19:25253 @ https://frontend-assets.supabase.com/studio/7bd061a67016/_next/static/chunks/0s851pjktpv32.js?dpl=dpl_9hVx9omuy9RfeTo5kHjRUi1aNuPQ:12
[ 2581720ms] [ERROR] ConfigCat - ERROR - [1103] Unexpected error occurred while trying to fetch config JSON. It is most likely due to a local network issue. Please make sure your application can reach the ConfigCat CDN servers (or your proxy server) over HTTP.
Error: Request failed due to a network or protocol error.
    at new t (https://frontend-assets.supabase.com/studio/7bd061a67016/_next/static/chunks/09tx4mw.bw962.js?dpl=dpl_9hVx9omuy9RfeTo5kHjRUi1aNuPQ:5:42870)
    at s.onerror (https://frontend-assets.supabase.com/studio/7bd061a67016/_next/static/chunks/09tx4mw.bw962.js?dpl=dpl_9hVx9omuy9RfeTo5kHjRUi1aNuPQ:5:102181)
    at XMLHttpRequest.r (https://frontend-assets.supabase.com/studio/7bd061a67016/_next/static/chunks/0s851pjktpv32.js?dpl=dpl_9hVx9omuy9RfeTo5kHjRUi1aNuPQ:10:5015) @ https://frontend-assets.supabase.com/studio/7bd061a67016/_next/static/chunks/0s851pjktpv32.js?dpl=dpl_9hVx9omuy9RfeTo5kHjRUi1aNuPQ:12
[ 2581720ms] [ERROR] Failed to load resource: net::ERR_CONNECTION_CLOSED @ https://configcat.supabase.com/configuration-files/configcat-proxy/frontend-v2/config_v6.json?sdk=ConfigCat-JS/a-9.5.1&ccetag=W%2F%225c2ac902c22f90308920cdf768eff258%22:0
[ 2589424ms] [ERROR] Failed to load resource: net::ERR_CONNECTION_CLOSED @ https://auth.supabase.io/auth/v1/token?grant_type=refresh_token:0
[ 2589424ms] [ERROR] TypeError: Failed to fetch (auth.supabase.io)
    at https://frontend-assets.supabase.com/studio/7bd061a67016/_next/static/chunks/0s851pjktpv32.js?dpl=dpl_9hVx9omuy9RfeTo5kHjRUi1aNuPQ:13:1799
    at https://ss.supabase.com/4icgbaujh.js?60a389s=aWQ9R1RNLVdDVlJMTU43&page=2:1:670
    at https://ss.supabase.com/4icgbaujh.js?60a389s=aWQ9R1RNLVdDVlJMTU43&page=2:757:632
    at push.U (https://frontend-assets.supabase.com/studio/7bd061a67016/_next/static/chunks/02wmul50qf~.k.js?dpl=dpl_9hVx9omuy9RfeTo5kHjRUi1aNuPQ:6:6093)
    at ea (https://frontend-assets.supabase.com/studio/7bd061a67016/_next/static/chunks/02wmul50qf~.k.js?dpl=dpl_9hVx9omuy9RfeTo5kHjRUi1aNuPQ:6:11438)
    at es (https://frontend-assets.supabase.com/studio/7bd061a67016/_next/static/chunks/02wmul50qf~.k.js?dpl=dpl_9hVx9omuy9RfeTo5kHjRUi1aNuPQ:6:10966)
    at r (https://frontend-assets.supabase.com/studio/7bd061a67016/_next/static/chunks/02wmul50qf~.k.js?dpl=dpl_9hVx9omuy9RfeTo5kHjRUi1aNuPQ:19:24997)
    at async https://frontend-assets.supabase.com/studio/7bd061a67016/_next/static/chunks/02wmul50qf~.k.js?dpl=dpl_9hVx9omuy9RfeTo5kHjRUi1aNuPQ:19:25253 @ https://frontend-assets.supabase.com/studio/7bd061a67016/_next/static/chunks/0s851pjktpv32.js?dpl=dpl_9hVx9omuy9RfeTo5kHjRUi1aNuPQ:12
[ 2599429ms] [ERROR] Failed to load resource: net::ERR_CONNECTION_CLOSED @ https://auth.supabase.io/auth/v1/token?grant_type=refresh_token:0
[ 2599429ms] [ERROR] TypeError: Failed to fetch (auth.supabase.io)
    at https://frontend-assets.supabase.com/studio/7bd061a67016/_next/static/chunks/0s851pjktpv32.js?dpl=dpl_9hVx9omuy9RfeTo5kHjRUi1aNuPQ:13:1799
    at https://ss.supabase.com/4icgbaujh.js?60a389s=aWQ9R1RNLVdDVlJMTU43&page=2:1:670
    at https://ss.supabase.com/4icgbaujh.js?60a389s=aWQ9R1RNLVdDVlJMTU43&page=2:757:632
    at push.U (https://frontend-assets.supabase.com/studio/7bd061a67016/_next/static/chunks/02wmul50qf~.k.js?dpl=dpl_9hVx9omuy9RfeTo5kHjRUi1aNuPQ:6:6093)
    at ea (https://frontend-assets.supabase.com/studio/7bd061a67016/_next/static/chunks/02wmul50qf~.k.js?dpl=dpl_9hVx9omuy9RfeTo5kHjRUi1aNuPQ:6:11438)
    at es (https://frontend-assets.supabase.com/studio/7bd061a67016/_next/static/chunks/02wmul50qf~.k.js?dpl=dpl_9hVx9omuy9RfeTo5kHjRUi1aNuPQ:6:10966)
    at r (https://frontend-assets.supabase.com/studio/7bd061a67016/_next/static/chunks/02wmul50qf~.k.js?dpl=dpl_9hVx9omuy9RfeTo5kHjRUi1aNuPQ:19:24997)
    at https://frontend-assets.supabase.com/studio/7bd061a67016/_next/static/chunks/02wmul50qf~.k.js?dpl=dpl_9hVx9omuy9RfeTo5kHjRUi1aNuPQ:19:25259
    at https://frontend-assets.supabase.com/studio/7bd061a67016/_next/static/chunks/02wmul50qf~.k.js?dpl=dpl_9hVx9omuy9RfeTo5kHjRUi1aNuPQ:19:25336
    at new Promise (<anonymous>)
    at eU._refreshAccessToken (https://frontend-assets.supabase.com/studio/7bd061a67016/_next/static/chunks/02wmul50qf~.k.js?dpl=dpl_9hVx9omuy9RfeTo5kHjRUi1aNuPQ:19:25190)
    at eU._callRefreshToken (https://frontend-assets.supabase.com/studio/7bd061a67016/_next/static/chunks/02wmul50qf~.k.js?dpl=dpl_9hVx9omuy9RfeTo5kHjRUi1aNuPQ:19:27926)
    at eU.__loadSession (https://frontend-assets.supabase.com/studio/7bd061a67016/_next/static/chunks/02wmul50qf~.k.js?dpl=dpl_9hVx9omuy9RfeTo5kHjRUi1aNuPQ:19:14191)
    at async eU._useSession (https://frontend-assets.supabase.com/studio/7bd061a67016/_next/static/chunks/02wmul50qf~.k.js?dpl=dpl_9hVx9omuy9RfeTo5kHjRUi1aNuPQ:19:12392)
    at async https://frontend-assets.supabase.com/studio/7bd061a67016/_next/static/chunks/02wmul50qf~.k.js?dpl=dpl_9hVx9omuy9RfeTo5kHjRUi1aNuPQ:19:31166
    at async https://frontend-assets.supabase.com/studio/7bd061a67016/_next/static/chunks/02wmul50qf~.k.js?dpl=dpl_9hVx9omuy9RfeTo5kHjRUi1aNuPQ:19:11706 @ https://frontend-assets.supabase.com/studio/7bd061a67016/_next/static/chunks/0s851pjktpv32.js?dpl=dpl_9hVx9omuy9RfeTo5kHjRUi1aNuPQ:12
[ 2609636ms] [ERROR] Failed to load resource: net::ERR_CONNECTION_CLOSED @ https://auth.supabase.io/auth/v1/token?grant_type=refresh_token:0
[ 2609636ms] [ERROR] TypeError: Failed to fetch (auth.supabase.io)
    at https://frontend-assets.supabase.com/studio/7bd061a67016/_next/static/chunks/0s851pjktpv32.js?dpl=dpl_9hVx9omuy9RfeTo5kHjRUi1aNuPQ:13:1799
    at https://ss.supabase.com/4icgbaujh.js?60a389s=aWQ9R1RNLVdDVlJMTU43&page=2:1:670
    at https://ss.supabase.com/4icgbaujh.js?60a389s=aWQ9R1RNLVdDVlJMTU43&page=2:757:632
    at push.U (https://frontend-assets.supabase.com/studio/7bd061a67016/_next/static/chunks/02wmul50qf~.k.js?dpl=dpl_9hVx9omuy9RfeTo5kHjRUi1aNuPQ:6:6093)
    at ea (https://frontend-assets.supabase.com/studio/7bd061a67016/_next/static/chunks/02wmul50qf~.k.js?dpl=dpl_9hVx9omuy9RfeTo5kHjRUi1aNuPQ:6:11438)
    at es (https://frontend-assets.supabase.com/studio/7bd061a67016/_next/static/chunks/02wmul50qf~.k.js?dpl=dpl_9hVx9omuy9RfeTo5kHjRUi1aNuPQ:6:10966)
    at r (https://frontend-assets.supabase.com/studio/7bd061a67016/_next/static/chunks/02wmul50qf~.k.js?dpl=dpl_9hVx9omuy9RfeTo5kHjRUi1aNuPQ:19:24997)
    at async https://frontend-assets.supabase.com/studio/7bd061a67016/_next/static/chunks/02wmul50qf~.k.js?dpl=dpl_9hVx9omuy9RfeTo5kHjRUi1aNuPQ:19:25253 @ https://frontend-assets.supabase.com/studio/7bd061a67016/_next/static/chunks/0s851pjktpv32.js?dpl=dpl_9hVx9omuy9RfeTo5kHjRUi1aNuPQ:12
[ 2620048ms] [ERROR] Failed to load resource: net::ERR_CONNECTION_CLOSED @ https://auth.supabase.io/auth/v1/token?grant_type=refresh_token:0
[ 2620048ms] [ERROR] TypeError: Failed to fetch (auth.supabase.io)
    at https://frontend-assets.supabase.com/studio/7bd061a67016/_next/static/chunks/0s851pjktpv32.js?dpl=dpl_9hVx9omuy9RfeTo5kHjRUi1aNuPQ:13:1799
    at https://ss.supabase.com/4icgbaujh.js?60a389s=aWQ9R1RNLVdDVlJMTU43&page=2:1:670
    at https://ss.supabase.com/4icgbaujh.js?60a389s=aWQ9R1RNLVdDVlJMTU43&page=2:757:632
    at push.U (https://frontend-assets.supabase.com/studio/7bd061a67016/_next/static/chunks/02wmul50qf~.k.js?dpl=dpl_9hVx9omuy9RfeTo5kHjRUi1aNuPQ:6:6093)
    at ea (https://frontend-assets.supabase.com/studio/7bd061a67016/_next/static/chunks/02wmul50qf~.k.js?dpl=dpl_9hVx9omuy9RfeTo5kHjRUi1aNuPQ:6:11438)
    at es (https://frontend-assets.supabase.com/studio/7bd061a67016/_next/static/chunks/02wmul50qf~.k.js?dpl=dpl_9hVx9omuy9RfeTo5kHjRUi1aNuPQ:6:10966)
    at r (https://frontend-assets.supabase.com/studio/7bd061a67016/_next/static/chunks/02wmul50qf~.k.js?dpl=dpl_9hVx9omuy9RfeTo5kHjRUi1aNuPQ:19:24997)
    at async https://frontend-assets.supabase.com/studio/7bd061a67016/_next/static/chunks/02wmul50qf~.k.js?dpl=dpl_9hVx9omuy9RfeTo5kHjRUi1aNuPQ:19:25253 @ https://frontend-assets.supabase.com/studio/7bd061a67016/_next/static/chunks/0s851pjktpv32.js?dpl=dpl_9hVx9omuy9RfeTo5kHjRUi1aNuPQ:12
[ 2630054ms] [ERROR] Failed to load resource: net::ERR_CONNECTION_CLOSED @ https://auth.supabase.io/auth/v1/token?grant_type=refresh_token:0
[ 2630054ms] [ERROR] TypeError: Failed to fetch (auth.supabase.io)
    at https://frontend-assets.supabase.com/studio/7bd061a67016/_next/static/chunks/0s851pjktpv32.js?dpl=dpl_9hVx9omuy9RfeTo5kHjRUi1aNuPQ:13:1799
    at https://ss.supabase.com/4icgbaujh.js?60a389s=aWQ9R1RNLVdDVlJMTU43&page=2:1:670
    at https://ss.supabase.com/4icgbaujh.js?60a389s=aWQ9R1RNLVdDVlJMTU43&page=2:757:632
    at push.U (https://frontend-assets.supabase.com/studio/7bd061a67016/_next/static/chunks/02wmul50qf~.k.js?dpl=dpl_9hVx9omuy9RfeTo5kHjRUi1aNuPQ:6:6093)
    at ea (https://frontend-assets.supabase.com/studio/7bd061a67016/_next/static/chunks/02wmul50qf~.k.js?dpl=dpl_9hVx9omuy9RfeTo5kHjRUi1aNuPQ:6:11438)
    at es (https://frontend-assets.supabase.com/studio/7bd061a67016/_next/static/chunks/02wmul50qf~.k.js?dpl=dpl_9hVx9omuy9RfeTo5kHjRUi1aNuPQ:6:10966)
    at r (https://frontend-assets.supabase.com/studio/7bd061a67016/_next/static/chunks/02wmul50qf~.k.js?dpl=dpl_9hVx9omuy9RfeTo5kHjRUi1aNuPQ:19:24997)
    at https://frontend-assets.supabase.com/studio/7bd061a67016/_next/static/chunks/02wmul50qf~.k.js?dpl=dpl_9hVx9omuy9RfeTo5kHjRUi1aNuPQ:19:25259
    at https://frontend-assets.supabase.com/studio/7bd061a67016/_next/static/chunks/02wmul50qf~.k.js?dpl=dpl_9hVx9omuy9RfeTo5kHjRUi1aNuPQ:19:25336
    at new Promise (<anonymous>)
    at eU._refreshAccessToken (https://frontend-assets.supabase.com/studio/7bd061a67016/_next/static/chunks/02wmul50qf~.k.js?dpl=dpl_9hVx9omuy9RfeTo5kHjRUi1aNuPQ:19:25190)
    at eU._callRefreshToken (https://frontend-assets.supabase.com/studio/7bd061a67016/_next/static/chunks/02wmul50qf~.k.js?dpl=dpl_9hVx9omuy9RfeTo5kHjRUi1aNuPQ:19:27926)
    at eU.__loadSession (https://frontend-assets.supabase.com/studio/7bd061a67016/_next/static/chunks/02wmul50qf~.k.js?dpl=dpl_9hVx9omuy9RfeTo5kHjRUi1aNuPQ:19:14191)
    at async eU._useSession (https://frontend-assets.supabase.com/studio/7bd061a67016/_next/static/chunks/02wmul50qf~.k.js?dpl=dpl_9hVx9omuy9RfeTo5kHjRUi1aNuPQ:19:12392)
    at async https://frontend-assets.supabase.com/studio/7bd061a67016/_next/static/chunks/02wmul50qf~.k.js?dpl=dpl_9hVx9omuy9RfeTo5kHjRUi1aNuPQ:19:31166
    at async https://frontend-assets.supabase.com/studio/7bd061a67016/_next/static/chunks/02wmul50qf~.k.js?dpl=dpl_9hVx9omuy9RfeTo5kHjRUi1aNuPQ:19:11706 @ https://frontend-assets.supabase.com/studio/7bd061a67016/_next/static/chunks/0s851pjktpv32.js?dpl=dpl_9hVx9omuy9RfeTo5kHjRUi1aNuPQ:12
[ 2640263ms] [ERROR] Failed to load resource: net::ERR_CONNECTION_CLOSED @ https://auth.supabase.io/auth/v1/token?grant_type=refresh_token:0
[ 2640263ms] [ERROR] TypeError: Failed to fetch (auth.supabase.io)
    at https://frontend-assets.supabase.com/studio/7bd061a67016/_next/static/chunks/0s851pjktpv32.js?dpl=dpl_9hVx9omuy9RfeTo5kHjRUi1aNuPQ:13:1799
    at https://ss.supabase.com/4icgbaujh.js?60a389s=aWQ9R1RNLVdDVlJMTU43&page=2:1:670
    at https://ss.supabase.com/4icgbaujh.js?60a389s=aWQ9R1RNLVdDVlJMTU43&page=2:757:632
    at push.U (https://frontend-assets.supabase.com/studio/7bd061a67016/_next/static/chunks/02wmul50qf~.k.js?dpl=dpl_9hVx9omuy9RfeTo5kHjRUi1aNuPQ:6:6093)
    at ea (https://frontend-assets.supabase.com/studio/7bd061a67016/_next/static/chunks/02wmul50qf~.k.js?dpl=dpl_9hVx9omuy9RfeTo5kHjRUi1aNuPQ:6:11438)
    at es (https://frontend-assets.supabase.com/studio/7bd061a67016/_next/static/chunks/02wmul50qf~.k.js?dpl=dpl_9hVx9omuy9RfeTo5kHjRUi1aNuPQ:6:10966)
    at r (https://frontend-assets.supabase.com/studio/7bd061a67016/_next/static/chunks/02wmul50qf~.k.js?dpl=dpl_9hVx9omuy9RfeTo5kHjRUi1aNuPQ:19:24997)
    at async https://frontend-assets.supabase.com/studio/7bd061a67016/_next/static/chunks/02wmul50qf~.k.js?dpl=dpl_9hVx9omuy9RfeTo5kHjRUi1aNuPQ:19:25253 @ https://frontend-assets.supabase.com/studio/7bd061a67016/_next/static/chunks/0s851pjktpv32.js?dpl=dpl_9hVx9omuy9RfeTo5kHjRUi1aNuPQ:12
[ 2650675ms] [ERROR] Failed to load resource: net::ERR_CONNECTION_CLOSED @ https://auth.supabase.io/auth/v1/token?grant_type=refresh_token:0
[ 2650675ms] [ERROR] TypeError: Failed to fetch (auth.supabase.io)
    at https://frontend-assets.supabase.com/studio/7bd061a67016/_next/static/chunks/0s851pjktpv32.js?dpl=dpl_9hVx9omuy9RfeTo5kHjRUi1aNuPQ:13:1799
    at https://ss.supabase.com/4icgbaujh.js?60a389s=aWQ9R1RNLVdDVlJMTU43&page=2:1:670
    at https://ss.supabase.com/4icgbaujh.js?60a389s=aWQ9R1RNLVdDVlJMTU43&page=2:757:632
    at push.U (https://frontend-assets.supabase.com/studio/7bd061a67016/_next/static/chunks/02wmul50qf~.k.js?dpl=dpl_9hVx9omuy9RfeTo5kHjRUi1aNuPQ:6:6093)
    at ea (https://frontend-assets.supabase.com/studio/7bd061a67016/_next/static/chunks/02wmul50qf~.k.js?dpl=dpl_9hVx9omuy9RfeTo5kHjRUi1aNuPQ:6:11438)
    at es (https://frontend-assets.supabase.com/studio/7bd061a67016/_next/static/chunks/02wmul50qf~.k.js?dpl=dpl_9hVx9omuy9RfeTo5kHjRUi1aNuPQ:6:10966)
    at r (https://frontend-assets.supabase.com/studio/7bd061a67016/_next/static/chunks/02wmul50qf~.k.js?dpl=dpl_9hVx9omuy9RfeTo5kHjRUi1aNuPQ:19:24997)
    at async https://frontend-assets.supabase.com/studio/7bd061a67016/_next/static/chunks/02wmul50qf~.k.js?dpl=dpl_9hVx9omuy9RfeTo5kHjRUi1aNuPQ:19:25253 @ https://frontend-assets.supabase.com/studio/7bd061a67016/_next/static/chunks/0s851pjktpv32.js?dpl=dpl_9hVx9omuy9RfeTo5kHjRUi1aNuPQ:12
[ 2660681ms] [ERROR] Failed to load resource: net::ERR_CONNECTION_CLOSED @ https://auth.supabase.io/auth/v1/token?grant_type=refresh_token:0
[ 2660681ms] [ERROR] TypeError: Failed to fetch (auth.supabase.io)
    at https://frontend-assets.supabase.com/studio/7bd061a67016/_next/static/chunks/0s851pjktpv32.js?dpl=dpl_9hVx9omuy9RfeTo5kHjRUi1aNuPQ:13:1799
    at https://ss.supabase.com/4icgbaujh.js?60a389s=aWQ9R1RNLVdDVlJMTU43&page=2:1:670
    at https://ss.supabase.com/4icgbaujh.js?60a389s=aWQ9R1RNLVdDVlJMTU43&page=2:757:632
    at push.U (https://frontend-assets.supabase.com/studio/7bd061a67016/_next/static/chunks/02wmul50qf~.k.js?dpl=dpl_9hVx9omuy9RfeTo5kHjRUi1aNuPQ:6:6093)
    at ea (https://frontend-assets.supabase.com/studio/7bd061a67016/_next/static/chunks/02wmul50qf~.k.js?dpl=dpl_9hVx9omuy9RfeTo5kHjRUi1aNuPQ:6:11438)
    at es (https://frontend-assets.supabase.com/studio/7bd061a67016/_next/static/chunks/02wmul50qf~.k.js?dpl=dpl_9hVx9omuy9RfeTo5kHjRUi1aNuPQ:6:10966)
    at r (https://frontend-assets.supabase.com/studio/7bd061a67016/_next/static/chunks/02wmul50qf~.k.js?dpl=dpl_9hVx9omuy9RfeTo5kHjRUi1aNuPQ:19:24997)
    at https://frontend-assets.supabase.com/studio/7bd061a67016/_next/static/chunks/02wmul50qf~.k.js?dpl=dpl_9hVx9omuy9RfeTo5kHjRUi1aNuPQ:19:25259
    at https://frontend-assets.supabase.com/studio/7bd061a67016/_next/static/chunks/02wmul50qf~.k.js?dpl=dpl_9hVx9omuy9RfeTo5kHjRUi1aNuPQ:19:25336
    at new Promise (<anonymous>)
    at eU._refreshAccessToken (https://frontend-assets.supabase.com/studio/7bd061a67016/_next/static/chunks/02wmul50qf~.k.js?dpl=dpl_9hVx9omuy9RfeTo5kHjRUi1aNuPQ:19:25190)
    at eU._callRefreshToken (https://frontend-assets.supabase.com/studio/7bd061a67016/_next/static/chunks/02wmul50qf~.k.js?dpl=dpl_9hVx9omuy9RfeTo5kHjRUi1aNuPQ:19:27926)
    at eU.__loadSession (https://frontend-assets.supabase.com/studio/7bd061a67016/_next/static/chunks/02wmul50qf~.k.js?dpl=dpl_9hVx9omuy9RfeTo5kHjRUi1aNuPQ:19:14191)
    at async eU._useSession (https://frontend-assets.supabase.com/studio/7bd061a67016/_next/static/chunks/02wmul50qf~.k.js?dpl=dpl_9hVx9omuy9RfeTo5kHjRUi1aNuPQ:19:12392)
    at async https://frontend-assets.supabase.com/studio/7bd061a67016/_next/static/chunks/02wmul50qf~.k.js?dpl=dpl_9hVx9omuy9RfeTo5kHjRUi1aNuPQ:19:31166
    at async https://frontend-assets.supabase.com/studio/7bd061a67016/_next/static/chunks/02wmul50qf~.k.js?dpl=dpl_9hVx9omuy9RfeTo5kHjRUi1aNuPQ:19:11706 @ https://frontend-assets.supabase.com/studio/7bd061a67016/_next/static/chunks/0s851pjktpv32.js?dpl=dpl_9hVx9omuy9RfeTo5kHjRUi1aNuPQ:12
[ 2670912ms] [ERROR] Failed to load resource: net::ERR_CONNECTION_CLOSED @ https://auth.supabase.io/auth/v1/token?grant_type=refresh_token:0
[ 2670912ms] [ERROR] TypeError: Failed to fetch (auth.supabase.io)
    at https://frontend-assets.supabase.com/studio/7bd061a67016/_next/static/chunks/0s851pjktpv32.js?dpl=dpl_9hVx9omuy9RfeTo5kHjRUi1aNuPQ:13:1799
    at https://ss.supabase.com/4icgbaujh.js?60a389s=aWQ9R1RNLVdDVlJMTU43&page=2:1:670
    at https://ss.supabase.com/4icgbaujh.js?60a389s=aWQ9R1RNLVdDVlJMTU43&page=2:757:632
    at push.U (https://frontend-assets.supabase.com/studio/7bd061a67016/_next/static/chunks/02wmul50qf~.k.js?dpl=dpl_9hVx9omuy9RfeTo5kHjRUi1aNuPQ:6:6093)
    at ea (https://frontend-assets.supabase.com/studio/7bd061a67016/_next/static/chunks/02wmul50qf~.k.js?dpl=dpl_9hVx9omuy9RfeTo5kHjRUi1aNuPQ:6:11438)
    at es (https://frontend-assets.supabase.com/studio/7bd061a67016/_next/static/chunks/02wmul50qf~.k.js?dpl=dpl_9hVx9omuy9RfeTo5kHjRUi1aNuPQ:6:10966)
    at r (https://frontend-assets.supabase.com/studio/7bd061a67016/_next/static/chunks/02wmul50qf~.k.js?dpl=dpl_9hVx9omuy9RfeTo5kHjRUi1aNuPQ:19:24997)
    at async https://frontend-assets.supabase.com/studio/7bd061a67016/_next/static/chunks/02wmul50qf~.k.js?dpl=dpl_9hVx9omuy9RfeTo5kHjRUi1aNuPQ:19:25253 @ https://frontend-assets.supabase.com/studio/7bd061a67016/_next/static/chunks/0s851pjktpv32.js?dpl=dpl_9hVx9omuy9RfeTo5kHjRUi1aNuPQ:12
[ 2681326ms] [ERROR] Failed to load resource: net::ERR_CONNECTION_CLOSED @ https://auth.supabase.io/auth/v1/token?grant_type=refresh_token:0
[ 2681326ms] [ERROR] TypeError: Failed to fetch (auth.supabase.io)
    at https://frontend-assets.supabase.com/studio/7bd061a67016/_next/static/chunks/0s851pjktpv32.js?dpl=dpl_9hVx9omuy9RfeTo5kHjRUi1aNuPQ:13:1799
    at https://ss.supabase.com/4icgbaujh.js?60a389s=aWQ9R1RNLVdDVlJMTU43&page=2:1:670
    at https://ss.supabase.com/4icgbaujh.js?60a389s=aWQ9R1RNLVdDVlJMTU43&page=2:757:632
    at push.U (https://frontend-assets.supabase.com/studio/7bd061a67016/_next/static/chunks/02wmul50qf~.k.js?dpl=dpl_9hVx9omuy9RfeTo5kHjRUi1aNuPQ:6:6093)
    at ea (https://frontend-assets.supabase.com/studio/7bd061a67016/_next/static/chunks/02wmul50qf~.k.js?dpl=dpl_9hVx9omuy9RfeTo5kHjRUi1aNuPQ:6:11438)
    at es (https://frontend-assets.supabase.com/studio/7bd061a67016/_next/static/chunks/02wmul50qf~.k.js?dpl=dpl_9hVx9omuy9RfeTo5kHjRUi1aNuPQ:6:10966)
    at r (https://frontend-assets.supabase.com/studio/7bd061a67016/_next/static/chunks/02wmul50qf~.k.js?dpl=dpl_9hVx9omuy9RfeTo5kHjRUi1aNuPQ:19:24997)
    at async https://frontend-assets.supabase.com/studio/7bd061a67016/_next/static/chunks/02wmul50qf~.k.js?dpl=dpl_9hVx9omuy9RfeTo5kHjRUi1aNuPQ:19:25253 @ https://frontend-assets.supabase.com/studio/7bd061a67016/_next/static/chunks/0s851pjktpv32.js?dpl=dpl_9hVx9omuy9RfeTo5kHjRUi1aNuPQ:12
[ 2691332ms] [ERROR] Failed to load resource: net::ERR_CONNECTION_CLOSED @ https://auth.supabase.io/auth/v1/token?grant_type=refresh_token:0
[ 2691332ms] [ERROR] TypeError: Failed to fetch (auth.supabase.io)
    at https://frontend-assets.supabase.com/studio/7bd061a67016/_next/static/chunks/0s851pjktpv32.js?dpl=dpl_9hVx9omuy9RfeTo5kHjRUi1aNuPQ:13:1799
    at https://ss.supabase.com/4icgbaujh.js?60a389s=aWQ9R1RNLVdDVlJMTU43&page=2:1:670
    at https://ss.supabase.com/4icgbaujh.js?60a389s=aWQ9R1RNLVdDVlJMTU43&page=2:757:632
    at push.U (https://frontend-assets.supabase.com/studio/7bd061a67016/_next/static/chunks/02wmul50qf~.k.js?dpl=dpl_9hVx9omuy9RfeTo5kHjRUi1aNuPQ:6:6093)
    at ea (https://frontend-assets.supabase.com/studio/7bd061a67016/_next/static/chunks/02wmul50qf~.k.js?dpl=dpl_9hVx9omuy9RfeTo5kHjRUi1aNuPQ:6:11438)
    at es (https://frontend-assets.supabase.com/studio/7bd061a67016/_next/static/chunks/02wmul50qf~.k.js?dpl=dpl_9hVx9omuy9RfeTo5kHjRUi1aNuPQ:6:10966)
    at r (https://frontend-assets.supabase.com/studio/7bd061a67016/_next/static/chunks/02wmul50qf~.k.js?dpl=dpl_9hVx9omuy9RfeTo5kHjRUi1aNuPQ:19:24997)
    at https://frontend-assets.supabase.com/studio/7bd061a67016/_next/static/chunks/02wmul50qf~.k.js?dpl=dpl_9hVx9omuy9RfeTo5kHjRUi1aNuPQ:19:25259
    at https://frontend-assets.supabase.com/studio/7bd061a67016/_next/static/chunks/02wmul50qf~.k.js?dpl=dpl_9hVx9omuy9RfeTo5kHjRUi1aNuPQ:19:25336
    at new Promise (<anonymous>)
    at eU._refreshAccessToken (https://frontend-assets.supabase.com/studio/7bd061a67016/_next/static/chunks/02wmul50qf~.k.js?dpl=dpl_9hVx9omuy9RfeTo5kHjRUi1aNuPQ:19:25190)
    at eU._callRefreshToken (https://frontend-assets.supabase.com/studio/7bd061a67016/_next/static/chunks/02wmul50qf~.k.js?dpl=dpl_9hVx9omuy9RfeTo5kHjRUi1aNuPQ:19:27926)
    at eU.__loadSession (https://frontend-assets.supabase.com/studio/7bd061a67016/_next/static/chunks/02wmul50qf~.k.js?dpl=dpl_9hVx9omuy9RfeTo5kHjRUi1aNuPQ:19:14191)
    at async eU._useSession (https://frontend-assets.supabase.com/studio/7bd061a67016/_next/static/chunks/02wmul50qf~.k.js?dpl=dpl_9hVx9omuy9RfeTo5kHjRUi1aNuPQ:19:12392)
    at async https://frontend-assets.supabase.com/studio/7bd061a67016/_next/static/chunks/02wmul50qf~.k.js?dpl=dpl_9hVx9omuy9RfeTo5kHjRUi1aNuPQ:19:31166
    at async https://frontend-assets.supabase.com/studio/7bd061a67016/_next/static/chunks/02wmul50qf~.k.js?dpl=dpl_9hVx9omuy9RfeTo5kHjRUi1aNuPQ:19:11706 @ https://frontend-assets.supabase.com/studio/7bd061a67016/_next/static/chunks/0s851pjktpv32.js?dpl=dpl_9hVx9omuy9RfeTo5kHjRUi1aNuPQ:12
[ 2701542ms] [ERROR] Failed to load resource: net::ERR_CONNECTION_CLOSED @ https://auth.supabase.io/auth/v1/token?grant_type=refresh_token:0
[ 2701542ms] [ERROR] TypeError: Failed to fetch (auth.supabase.io)
    at https://frontend-assets.supabase.com/studio/7bd061a67016/_next/static/chunks/0s851pjktpv32.js?dpl=dpl_9hVx9omuy9RfeTo5kHjRUi1aNuPQ:13:1799
    at https://ss.supabase.com/4icgbaujh.js?60a389s=aWQ9R1RNLVdDVlJMTU43&page=2:1:670
    at https://ss.supabase.com/4icgbaujh.js?60a389s=aWQ9R1RNLVdDVlJMTU43&page=2:757:632
    at push.U (https://frontend-assets.supabase.com/studio/7bd061a67016/_next/static/chunks/02wmul50qf~.k.js?dpl=dpl_9hVx9omuy9RfeTo5kHjRUi1aNuPQ:6:6093)
    at ea (https://frontend-assets.supabase.com/studio/7bd061a67016/_next/static/chunks/02wmul50qf~.k.js?dpl=dpl_9hVx9omuy9RfeTo5kHjRUi1aNuPQ:6:11438)
    at es (https://frontend-assets.supabase.com/studio/7bd061a67016/_next/static/chunks/02wmul50qf~.k.js?dpl=dpl_9hVx9omuy9RfeTo5kHjRUi1aNuPQ:6:10966)
    at r (https://frontend-assets.supabase.com/studio/7bd061a67016/_next/static/chunks/02wmul50qf~.k.js?dpl=dpl_9hVx9omuy9RfeTo5kHjRUi1aNuPQ:19:24997)
    at async https://frontend-assets.supabase.com/studio/7bd061a67016/_next/static/chunks/02wmul50qf~.k.js?dpl=dpl_9hVx9omuy9RfeTo5kHjRUi1aNuPQ:19:25253 @ https://frontend-assets.supabase.com/studio/7bd061a67016/_next/static/chunks/0s851pjktpv32.js?dpl=dpl_9hVx9omuy9RfeTo5kHjRUi1aNuPQ:12
[ 2711954ms] [ERROR] Failed to load resource: net::ERR_CONNECTION_CLOSED @ https://auth.supabase.io/auth/v1/token?grant_type=refresh_token:0
[ 2711954ms] [ERROR] TypeError: Failed to fetch (auth.supabase.io)
    at https://frontend-assets.supabase.com/studio/7bd061a67016/_next/static/chunks/0s851pjktpv32.js?dpl=dpl_9hVx9omuy9RfeTo5kHjRUi1aNuPQ:13:1799
    at https://ss.supabase.com/4icgbaujh.js?60a389s=aWQ9R1RNLVdDVlJMTU43&page=2:1:670
    at https://ss.supabase.com/4icgbaujh.js?60a389s=aWQ9R1RNLVdDVlJMTU43&page=2:757:632
    at push.U (https://frontend-assets.supabase.com/studio/7bd061a67016/_next/static/chunks/02wmul50qf~.k.js?dpl=dpl_9hVx9omuy9RfeTo5kHjRUi1aNuPQ:6:6093)
    at ea (https://frontend-assets.supabase.com/studio/7bd061a67016/_next/static/chunks/02wmul50qf~.k.js?dpl=dpl_9hVx9omuy9RfeTo5kHjRUi1aNuPQ:6:11438)
    at es (https://frontend-assets.supabase.com/studio/7bd061a67016/_next/static/chunks/02wmul50qf~.k.js?dpl=dpl_9hVx9omuy9RfeTo5kHjRUi1aNuPQ:6:10966)
    at r (https://frontend-assets.supabase.com/studio/7bd061a67016/_next/static/chunks/02wmul50qf~.k.js?dpl=dpl_9hVx9omuy9RfeTo5kHjRUi1aNuPQ:19:24997)
    at async https://frontend-assets.supabase.com/studio/7bd061a67016/_next/static/chunks/02wmul50qf~.k.js?dpl=dpl_9hVx9omuy9RfeTo5kHjRUi1aNuPQ:19:25253 @ https://frontend-assets.supabase.com/studio/7bd061a67016/_next/static/chunks/0s851pjktpv32.js?dpl=dpl_9hVx9omuy9RfeTo5kHjRUi1aNuPQ:12
[ 2721960ms] [ERROR] Failed to load resource: net::ERR_CONNECTION_CLOSED @ https://auth.supabase.io/auth/v1/token?grant_type=refresh_token:0
[ 2721961ms] [ERROR] TypeError: Failed to fetch (auth.supabase.io)
    at https://frontend-assets.supabase.com/studio/7bd061a67016/_next/static/chunks/0s851pjktpv32.js?dpl=dpl_9hVx9omuy9RfeTo5kHjRUi1aNuPQ:13:1799
    at https://ss.supabase.com/4icgbaujh.js?60a389s=aWQ9R1RNLVdDVlJMTU43&page=2:1:670
    at https://ss.supabase.com/4icgbaujh.js?60a389s=aWQ9R1RNLVdDVlJMTU43&page=2:757:632
    at push.U (https://frontend-assets.supabase.com/studio/7bd061a67016/_next/static/chunks/02wmul50qf~.k.js?dpl=dpl_9hVx9omuy9RfeTo5kHjRUi1aNuPQ:6:6093)
    at ea (https://frontend-assets.supabase.com/studio/7bd061a67016/_next/static/chunks/02wmul50qf~.k.js?dpl=dpl_9hVx9omuy9RfeTo5kHjRUi1aNuPQ:6:11438)
    at es (https://frontend-assets.supabase.com/studio/7bd061a67016/_next/static/chunks/02wmul50qf~.k.js?dpl=dpl_9hVx9omuy9RfeTo5kHjRUi1aNuPQ:6:10966)
    at r (https://frontend-assets.supabase.com/studio/7bd061a67016/_next/static/chunks/02wmul50qf~.k.js?dpl=dpl_9hVx9omuy9RfeTo5kHjRUi1aNuPQ:19:24997)
    at https://frontend-assets.supabase.com/studio/7bd061a67016/_next/static/chunks/02wmul50qf~.k.js?dpl=dpl_9hVx9omuy9RfeTo5kHjRUi1aNuPQ:19:25259
    at https://frontend-assets.supabase.com/studio/7bd061a67016/_next/static/chunks/02wmul50qf~.k.js?dpl=dpl_9hVx9omuy9RfeTo5kHjRUi1aNuPQ:19:25336
    at new Promise (<anonymous>)
    at eU._refreshAccessToken (https://frontend-assets.supabase.com/studio/7bd061a67016/_next/static/chunks/02wmul50qf~.k.js?dpl=dpl_9hVx9omuy9RfeTo5kHjRUi1aNuPQ:19:25190)
    at eU._callRefreshToken (https://frontend-assets.supabase.com/studio/7bd061a67016/_next/static/chunks/02wmul50qf~.k.js?dpl=dpl_9hVx9omuy9RfeTo5kHjRUi1aNuPQ:19:27926)
    at eU.__loadSession (https://frontend-assets.supabase.com/studio/7bd061a67016/_next/static/chunks/02wmul50qf~.k.js?dpl=dpl_9hVx9omuy9RfeTo5kHjRUi1aNuPQ:19:14191)
    at async eU._useSession (https://frontend-assets.supabase.com/studio/7bd061a67016/_next/static/chunks/02wmul50qf~.k.js?dpl=dpl_9hVx9omuy9RfeTo5kHjRUi1aNuPQ:19:12392)
    at async https://frontend-assets.supabase.com/studio/7bd061a67016/_next/static/chunks/02wmul50qf~.k.js?dpl=dpl_9hVx9omuy9RfeTo5kHjRUi1aNuPQ:19:31166
    at async https://frontend-assets.supabase.com/studio/7bd061a67016/_next/static/chunks/02wmul50qf~.k.js?dpl=dpl_9hVx9omuy9RfeTo5kHjRUi1aNuPQ:19:11706 @ https://frontend-assets.supabase.com/studio/7bd061a67016/_next/static/chunks/0s851pjktpv32.js?dpl=dpl_9hVx9omuy9RfeTo5kHjRUi1aNuPQ:12
[ 2732170ms] [ERROR] Failed to load resource: net::ERR_CONNECTION_CLOSED @ https://auth.supabase.io/auth/v1/token?grant_type=refresh_token:0
[ 2732170ms] [ERROR] TypeError: Failed to fetch (auth.supabase.io)
    at https://frontend-assets.supabase.com/studio/7bd061a67016/_next/static/chunks/0s851pjktpv32.js?dpl=dpl_9hVx9omuy9RfeTo5kHjRUi1aNuPQ:13:1799
    at https://ss.supabase.com/4icgbaujh.js?60a389s=aWQ9R1RNLVdDVlJMTU43&page=2:1:670
    at https://ss.supabase.com/4icgbaujh.js?60a389s=aWQ9R1RNLVdDVlJMTU43&page=2:757:632
    at push.U (https://frontend-assets.supabase.com/studio/7bd061a67016/_next/static/chunks/02wmul50qf~.k.js?dpl=dpl_9hVx9omuy9RfeTo5kHjRUi1aNuPQ:6:6093)
    at ea (https://frontend-assets.supabase.com/studio/7bd061a67016/_next/static/chunks/02wmul50qf~.k.js?dpl=dpl_9hVx9omuy9RfeTo5kHjRUi1aNuPQ:6:11438)
    at es (https://frontend-assets.supabase.com/studio/7bd061a67016/_next/static/chunks/02wmul50qf~.k.js?dpl=dpl_9hVx9omuy9RfeTo5kHjRUi1aNuPQ:6:10966)
    at r (https://frontend-assets.supabase.com/studio/7bd061a67016/_next/static/chunks/02wmul50qf~.k.js?dpl=dpl_9hVx9omuy9RfeTo5kHjRUi1aNuPQ:19:24997)
    at async https://frontend-assets.supabase.com/studio/7bd061a67016/_next/static/chunks/02wmul50qf~.k.js?dpl=dpl_9hVx9omuy9RfeTo5kHjRUi1aNuPQ:19:25253 @ https://frontend-assets.supabase.com/studio/7bd061a67016/_next/static/chunks/0s851pjktpv32.js?dpl=dpl_9hVx9omuy9RfeTo5kHjRUi1aNuPQ:12
[ 2742589ms] [ERROR] Failed to load resource: net::ERR_CONNECTION_CLOSED @ https://auth.supabase.io/auth/v1/token?grant_type=refresh_token:0
[ 2742590ms] [ERROR] TypeError: Failed to fetch (auth.supabase.io)
    at https://frontend-assets.supabase.com/studio/7bd061a67016/_next/static/chunks/0s851pjktpv32.js?dpl=dpl_9hVx9omuy9RfeTo5kHjRUi1aNuPQ:13:1799
    at https://ss.supabase.com/4icgbaujh.js?60a389s=aWQ9R1RNLVdDVlJMTU43&page=2:1:670
    at https://ss.supabase.com/4icgbaujh.js?60a389s=aWQ9R1RNLVdDVlJMTU43&page=2:757:632
    at push.U (https://frontend-assets.supabase.com/studio/7bd061a67016/_next/static/chunks/02wmul50qf~.k.js?dpl=dpl_9hVx9omuy9RfeTo5kHjRUi1aNuPQ:6:6093)
    at ea (https://frontend-assets.supabase.com/studio/7bd061a67016/_next/static/chunks/02wmul50qf~.k.js?dpl=dpl_9hVx9omuy9RfeTo5kHjRUi1aNuPQ:6:11438)
    at es (https://frontend-assets.supabase.com/studio/7bd061a67016/_next/static/chunks/02wmul50qf~.k.js?dpl=dpl_9hVx9omuy9RfeTo5kHjRUi1aNuPQ:6:10966)
    at r (https://frontend-assets.supabase.com/studio/7bd061a67016/_next/static/chunks/02wmul50qf~.k.js?dpl=dpl_9hVx9omuy9RfeTo5kHjRUi1aNuPQ:19:24997)
    at async https://frontend-assets.supabase.com/studio/7bd061a67016/_next/static/chunks/02wmul50qf~.k.js?dpl=dpl_9hVx9omuy9RfeTo5kHjRUi1aNuPQ:19:25253 @ https://frontend-assets.supabase.com/studio/7bd061a67016/_next/static/chunks/0s851pjktpv32.js?dpl=dpl_9hVx9omuy9RfeTo5kHjRUi1aNuPQ:12
[ 2752596ms] [ERROR] Failed to load resource: net::ERR_CONNECTION_CLOSED @ https://auth.supabase.io/auth/v1/token?grant_type=refresh_token:0
[ 2752596ms] [ERROR] TypeError: Failed to fetch (auth.supabase.io)
    at https://frontend-assets.supabase.com/studio/7bd061a67016/_next/static/chunks/0s851pjktpv32.js?dpl=dpl_9hVx9omuy9RfeTo5kHjRUi1aNuPQ:13:1799
    at https://ss.supabase.com/4icgbaujh.js?60a389s=aWQ9R1RNLVdDVlJMTU43&page=2:1:670
    at https://ss.supabase.com/4icgbaujh.js?60a389s=aWQ9R1RNLVdDVlJMTU43&page=2:757:632
    at push.U (https://frontend-assets.supabase.com/studio/7bd061a67016/_next/static/chunks/02wmul50qf~.k.js?dpl=dpl_9hVx9omuy9RfeTo5kHjRUi1aNuPQ:6:6093)
    at ea (https://frontend-assets.supabase.com/studio/7bd061a67016/_next/static/chunks/02wmul50qf~.k.js?dpl=dpl_9hVx9omuy9RfeTo5kHjRUi1aNuPQ:6:11438)
    at es (https://frontend-assets.supabase.com/studio/7bd061a67016/_next/static/chunks/02wmul50qf~.k.js?dpl=dpl_9hVx9omuy9RfeTo5kHjRUi1aNuPQ:6:10966)
    at r (https://frontend-assets.supabase.com/studio/7bd061a67016/_next/static/chunks/02wmul50qf~.k.js?dpl=dpl_9hVx9omuy9RfeTo5kHjRUi1aNuPQ:19:24997)
    at https://frontend-assets.supabase.com/studio/7bd061a67016/_next/static/chunks/02wmul50qf~.k.js?dpl=dpl_9hVx9omuy9RfeTo5kHjRUi1aNuPQ:19:25259
    at https://frontend-assets.supabase.com/studio/7bd061a67016/_next/static/chunks/02wmul50qf~.k.js?dpl=dpl_9hVx9omuy9RfeTo5kHjRUi1aNuPQ:19:25336
    at new Promise (<anonymous>)
    at eU._refreshAccessToken (https://frontend-assets.supabase.com/studio/7bd061a67016/_next/static/chunks/02wmul50qf~.k.js?dpl=dpl_9hVx9omuy9RfeTo5kHjRUi1aNuPQ:19:25190)
    at eU._callRefreshToken (https://frontend-assets.supabase.com/studio/7bd061a67016/_next/static/chunks/02wmul50qf~.k.js?dpl=dpl_9hVx9omuy9RfeTo5kHjRUi1aNuPQ:19:27926)
    at eU.__loadSession (https://frontend-assets.supabase.com/studio/7bd061a67016/_next/static/chunks/02wmul50qf~.k.js?dpl=dpl_9hVx9omuy9RfeTo5kHjRUi1aNuPQ:19:14191)
    at async eU._useSession (https://frontend-assets.supabase.com/studio/7bd061a67016/_next/static/chunks/02wmul50qf~.k.js?dpl=dpl_9hVx9omuy9RfeTo5kHjRUi1aNuPQ:19:12392)
    at async https://frontend-assets.supabase.com/studio/7bd061a67016/_next/static/chunks/02wmul50qf~.k.js?dpl=dpl_9hVx9omuy9RfeTo5kHjRUi1aNuPQ:19:31166
    at async https://frontend-assets.supabase.com/studio/7bd061a67016/_next/static/chunks/02wmul50qf~.k.js?dpl=dpl_9hVx9omuy9RfeTo5kHjRUi1aNuPQ:19:11706 @ https://frontend-assets.supabase.com/studio/7bd061a67016/_next/static/chunks/0s851pjktpv32.js?dpl=dpl_9hVx9omuy9RfeTo5kHjRUi1aNuPQ:12
[ 2762824ms] [ERROR] Failed to load resource: net::ERR_CONNECTION_CLOSED @ https://auth.supabase.io/auth/v1/token?grant_type=refresh_token:0
[ 2762824ms] [ERROR] TypeError: Failed to fetch (auth.supabase.io)
    at https://frontend-assets.supabase.com/studio/7bd061a67016/_next/static/chunks/0s851pjktpv32.js?dpl=dpl_9hVx9omuy9RfeTo5kHjRUi1aNuPQ:13:1799
    at https://ss.supabase.com/4icgbaujh.js?60a389s=aWQ9R1RNLVdDVlJMTU43&page=2:1:670
    at https://ss.supabase.com/4icgbaujh.js?60a389s=aWQ9R1RNLVdDVlJMTU43&page=2:757:632
    at push.U (https://frontend-assets.supabase.com/studio/7bd061a67016/_next/static/chunks/02wmul50qf~.k.js?dpl=dpl_9hVx9omuy9RfeTo5kHjRUi1aNuPQ:6:6093)
    at ea (https://frontend-assets.supabase.com/studio/7bd061a67016/_next/static/chunks/02wmul50qf~.k.js?dpl=dpl_9hVx9omuy9RfeTo5kHjRUi1aNuPQ:6:11438)
    at es (https://frontend-assets.supabase.com/studio/7bd061a67016/_next/static/chunks/02wmul50qf~.k.js?dpl=dpl_9hVx9omuy9RfeTo5kHjRUi1aNuPQ:6:10966)
    at r (https://frontend-assets.supabase.com/studio/7bd061a67016/_next/static/chunks/02wmul50qf~.k.js?dpl=dpl_9hVx9omuy9RfeTo5kHjRUi1aNuPQ:19:24997)
    at async https://frontend-assets.supabase.com/studio/7bd061a67016/_next/static/chunks/02wmul50qf~.k.js?dpl=dpl_9hVx9omuy9RfeTo5kHjRUi1aNuPQ:19:25253 @ https://frontend-assets.supabase.com/studio/7bd061a67016/_next/static/chunks/0s851pjktpv32.js?dpl=dpl_9hVx9omuy9RfeTo5kHjRUi1aNuPQ:12
[ 2773246ms] [ERROR] Failed to load resource: net::ERR_CONNECTION_CLOSED @ https://auth.supabase.io/auth/v1/token?grant_type=refresh_token:0
[ 2773246ms] [ERROR] TypeError: Failed to fetch (auth.supabase.io)
    at https://frontend-assets.supabase.com/studio/7bd061a67016/_next/static/chunks/0s851pjktpv32.js?dpl=dpl_9hVx9omuy9RfeTo5kHjRUi1aNuPQ:13:1799
    at https://ss.supabase.com/4icgbaujh.js?60a389s=aWQ9R1RNLVdDVlJMTU43&page=2:1:670
    at https://ss.supabase.com/4icgbaujh.js?60a389s=aWQ9R1RNLVdDVlJMTU43&page=2:757:632
    at push.U (https://frontend-assets.supabase.com/studio/7bd061a67016/_next/static/chunks/02wmul50qf~.k.js?dpl=dpl_9hVx9omuy9RfeTo5kHjRUi1aNuPQ:6:6093)
    at ea (https://frontend-assets.supabase.com/studio/7bd061a67016/_next/static/chunks/02wmul50qf~.k.js?dpl=dpl_9hVx9omuy9RfeTo5kHjRUi1aNuPQ:6:11438)
    at es (https://frontend-assets.supabase.com/studio/7bd061a67016/_next/static/chunks/02wmul50qf~.k.js?dpl=dpl_9hVx9omuy9RfeTo5kHjRUi1aNuPQ:6:10966)
    at r (https://frontend-assets.supabase.com/studio/7bd061a67016/_next/static/chunks/02wmul50qf~.k.js?dpl=dpl_9hVx9omuy9RfeTo5kHjRUi1aNuPQ:19:24997)
    at async https://frontend-assets.supabase.com/studio/7bd061a67016/_next/static/chunks/02wmul50qf~.k.js?dpl=dpl_9hVx9omuy9RfeTo5kHjRUi1aNuPQ:19:25253 @ https://frontend-assets.supabase.com/studio/7bd061a67016/_next/static/chunks/0s851pjktpv32.js?dpl=dpl_9hVx9omuy9RfeTo5kHjRUi1aNuPQ:12
[ 2783254ms] [ERROR] Failed to load resource: net::ERR_CONNECTION_CLOSED @ https://auth.supabase.io/auth/v1/token?grant_type=refresh_token:0
[ 2783254ms] [ERROR] TypeError: Failed to fetch (auth.supabase.io)
    at https://frontend-assets.supabase.com/studio/7bd061a67016/_next/static/chunks/0s851pjktpv32.js?dpl=dpl_9hVx9omuy9RfeTo5kHjRUi1aNuPQ:13:1799
    at https://ss.supabase.com/4icgbaujh.js?60a389s=aWQ9R1RNLVdDVlJMTU43&page=2:1:670
    at https://ss.supabase.com/4icgbaujh.js?60a389s=aWQ9R1RNLVdDVlJMTU43&page=2:757:632
    at push.U (https://frontend-assets.supabase.com/studio/7bd061a67016/_next/static/chunks/02wmul50qf~.k.js?dpl=dpl_9hVx9omuy9RfeTo5kHjRUi1aNuPQ:6:6093)
    at ea (https://frontend-assets.supabase.com/studio/7bd061a67016/_next/static/chunks/02wmul50qf~.k.js?dpl=dpl_9hVx9omuy9RfeTo5kHjRUi1aNuPQ:6:11438)
    at es (https://frontend-assets.supabase.com/studio/7bd061a67016/_next/static/chunks/02wmul50qf~.k.js?dpl=dpl_9hVx9omuy9RfeTo5kHjRUi1aNuPQ:6:10966)
    at r (https://frontend-assets.supabase.com/studio/7bd061a67016/_next/static/chunks/02wmul50qf~.k.js?dpl=dpl_9hVx9omuy9RfeTo5kHjRUi1aNuPQ:19:24997)
    at https://frontend-assets.supabase.com/studio/7bd061a67016/_next/static/chunks/02wmul50qf~.k.js?dpl=dpl_9hVx9omuy9RfeTo5kHjRUi1aNuPQ:19:25259
    at https://frontend-assets.supabase.com/studio/7bd061a67016/_next/static/chunks/02wmul50qf~.k.js?dpl=dpl_9hVx9omuy9RfeTo5kHjRUi1aNuPQ:19:25336
    at new Promise (<anonymous>)
    at eU._refreshAccessToken (https://frontend-assets.supabase.com/studio/7bd061a67016/_next/static/chunks/02wmul50qf~.k.js?dpl=dpl_9hVx9omuy9RfeTo5kHjRUi1aNuPQ:19:25190)
    at eU._callRefreshToken (https://frontend-assets.supabase.com/studio/7bd061a67016/_next/static/chunks/02wmul50qf~.k.js?dpl=dpl_9hVx9omuy9RfeTo5kHjRUi1aNuPQ:19:27926)
    at eU.__loadSession (https://frontend-assets.supabase.com/studio/7bd061a67016/_next/static/chunks/02wmul50qf~.k.js?dpl=dpl_9hVx9omuy9RfeTo5kHjRUi1aNuPQ:19:14191)
    at async eU._useSession (https://frontend-assets.supabase.com/studio/7bd061a67016/_next/static/chunks/02wmul50qf~.k.js?dpl=dpl_9hVx9omuy9RfeTo5kHjRUi1aNuPQ:19:12392)
    at async https://frontend-assets.supabase.com/studio/7bd061a67016/_next/static/chunks/02wmul50qf~.k.js?dpl=dpl_9hVx9omuy9RfeTo5kHjRUi1aNuPQ:19:31166
    at async https://frontend-assets.supabase.com/studio/7bd061a67016/_next/static/chunks/02wmul50qf~.k.js?dpl=dpl_9hVx9omuy9RfeTo5kHjRUi1aNuPQ:19:11706 @ https://frontend-assets.supabase.com/studio/7bd061a67016/_next/static/chunks/0s851pjktpv32.js?dpl=dpl_9hVx9omuy9RfeTo5kHjRUi1aNuPQ:12
[ 2793478ms] [ERROR] Failed to load resource: net::ERR_CONNECTION_CLOSED @ https://auth.supabase.io/auth/v1/token?grant_type=refresh_token:0
[ 2793478ms] [ERROR] TypeError: Failed to fetch (auth.supabase.io)
    at https://frontend-assets.supabase.com/studio/7bd061a67016/_next/static/chunks/0s851pjktpv32.js?dpl=dpl_9hVx9omuy9RfeTo5kHjRUi1aNuPQ:13:1799
    at https://ss.supabase.com/4icgbaujh.js?60a389s=aWQ9R1RNLVdDVlJMTU43&page=2:1:670
    at https://ss.supabase.com/4icgbaujh.js?60a389s=aWQ9R1RNLVdDVlJMTU43&page=2:757:632
    at push.U (https://frontend-assets.supabase.com/studio/7bd061a67016/_next/static/chunks/02wmul50qf~.k.js?dpl=dpl_9hVx9omuy9RfeTo5kHjRUi1aNuPQ:6:6093)
    at ea (https://frontend-assets.supabase.com/studio/7bd061a67016/_next/static/chunks/02wmul50qf~.k.js?dpl=dpl_9hVx9omuy9RfeTo5kHjRUi1aNuPQ:6:11438)
    at es (https://frontend-assets.supabase.com/studio/7bd061a67016/_next/static/chunks/02wmul50qf~.k.js?dpl=dpl_9hVx9omuy9RfeTo5kHjRUi1aNuPQ:6:10966)
    at r (https://frontend-assets.supabase.com/studio/7bd061a67016/_next/static/chunks/02wmul50qf~.k.js?dpl=dpl_9hVx9omuy9RfeTo5kHjRUi1aNuPQ:19:24997)
    at async https://frontend-assets.supabase.com/studio/7bd061a67016/_next/static/chunks/02wmul50qf~.k.js?dpl=dpl_9hVx9omuy9RfeTo5kHjRUi1aNuPQ:19:25253 @ https://frontend-assets.supabase.com/studio/7bd061a67016/_next/static/chunks/0s851pjktpv32.js?dpl=dpl_9hVx9omuy9RfeTo5kHjRUi1aNuPQ:12
[ 2803896ms] [ERROR] Failed to load resource: net::ERR_CONNECTION_CLOSED @ https://auth.supabase.io/auth/v1/token?grant_type=refresh_token:0
[ 2803896ms] [ERROR] TypeError: Failed to fetch (auth.supabase.io)
    at https://frontend-assets.supabase.com/studio/7bd061a67016/_next/static/chunks/0s851pjktpv32.js?dpl=dpl_9hVx9omuy9RfeTo5kHjRUi1aNuPQ:13:1799
    at https://ss.supabase.com/4icgbaujh.js?60a389s=aWQ9R1RNLVdDVlJMTU43&page=2:1:670
    at https://ss.supabase.com/4icgbaujh.js?60a389s=aWQ9R1RNLVdDVlJMTU43&page=2:757:632
    at push.U (https://frontend-assets.supabase.com/studio/7bd061a67016/_next/static/chunks/02wmul50qf~.k.js?dpl=dpl_9hVx9omuy9RfeTo5kHjRUi1aNuPQ:6:6093)
    at ea (https://frontend-assets.supabase.com/studio/7bd061a67016/_next/static/chunks/02wmul50qf~.k.js?dpl=dpl_9hVx9omuy9RfeTo5kHjRUi1aNuPQ:6:11438)
    at es (https://frontend-assets.supabase.com/studio/7bd061a67016/_next/static/chunks/02wmul50qf~.k.js?dpl=dpl_9hVx9omuy9RfeTo5kHjRUi1aNuPQ:6:10966)
    at r (https://frontend-assets.supabase.com/studio/7bd061a67016/_next/static/chunks/02wmul50qf~.k.js?dpl=dpl_9hVx9omuy9RfeTo5kHjRUi1aNuPQ:19:24997)
    at async https://frontend-assets.supabase.com/studio/7bd061a67016/_next/static/chunks/02wmul50qf~.k.js?dpl=dpl_9hVx9omuy9RfeTo5kHjRUi1aNuPQ:19:25253 @ https://frontend-assets.supabase.com/studio/7bd061a67016/_next/static/chunks/0s851pjktpv32.js?dpl=dpl_9hVx9omuy9RfeTo5kHjRUi1aNuPQ:12
[ 2813901ms] [ERROR] Failed to load resource: net::ERR_CONNECTION_CLOSED @ https://auth.supabase.io/auth/v1/token?grant_type=refresh_token:0
[ 2813902ms] [ERROR] TypeError: Failed to fetch (auth.supabase.io)
    at https://frontend-assets.supabase.com/studio/7bd061a67016/_next/static/chunks/0s851pjktpv32.js?dpl=dpl_9hVx9omuy9RfeTo5kHjRUi1aNuPQ:13:1799
    at https://ss.supabase.com/4icgbaujh.js?60a389s=aWQ9R1RNLVdDVlJMTU43&page=2:1:670
    at https://ss.supabase.com/4icgbaujh.js?60a389s=aWQ9R1RNLVdDVlJMTU43&page=2:757:632
    at push.U (https://frontend-assets.supabase.com/studio/7bd061a67016/_next/static/chunks/02wmul50qf~.k.js?dpl=dpl_9hVx9omuy9RfeTo5kHjRUi1aNuPQ:6:6093)
    at ea (https://frontend-assets.supabase.com/studio/7bd061a67016/_next/static/chunks/02wmul50qf~.k.js?dpl=dpl_9hVx9omuy9RfeTo5kHjRUi1aNuPQ:6:11438)
    at es (https://frontend-assets.supabase.com/studio/7bd061a67016/_next/static/chunks/02wmul50qf~.k.js?dpl=dpl_9hVx9omuy9RfeTo5kHjRUi1aNuPQ:6:10966)
    at r (https://frontend-assets.supabase.com/studio/7bd061a67016/_next/static/chunks/02wmul50qf~.k.js?dpl=dpl_9hVx9omuy9RfeTo5kHjRUi1aNuPQ:19:24997)
    at https://frontend-assets.supabase.com/studio/7bd061a67016/_next/static/chunks/02wmul50qf~.k.js?dpl=dpl_9hVx9omuy9RfeTo5kHjRUi1aNuPQ:19:25259
    at https://frontend-assets.supabase.com/studio/7bd061a67016/_next/static/chunks/02wmul50qf~.k.js?dpl=dpl_9hVx9omuy9RfeTo5kHjRUi1aNuPQ:19:25336
    at new Promise (<anonymous>)
    at eU._refreshAccessToken (https://frontend-assets.supabase.com/studio/7bd061a67016/_next/static/chunks/02wmul50qf~.k.js?dpl=dpl_9hVx9omuy9RfeTo5kHjRUi1aNuPQ:19:25190)
    at eU._callRefreshToken (https://frontend-assets.supabase.com/studio/7bd061a67016/_next/static/chunks/02wmul50qf~.k.js?dpl=dpl_9hVx9omuy9RfeTo5kHjRUi1aNuPQ:19:27926)
    at eU.__loadSession (https://frontend-assets.supabase.com/studio/7bd061a67016/_next/static/chunks/02wmul50qf~.k.js?dpl=dpl_9hVx9omuy9RfeTo5kHjRUi1aNuPQ:19:14191)
    at async eU._useSession (https://frontend-assets.supabase.com/studio/7bd061a67016/_next/static/chunks/02wmul50qf~.k.js?dpl=dpl_9hVx9omuy9RfeTo5kHjRUi1aNuPQ:19:12392)
    at async https://frontend-assets.supabase.com/studio/7bd061a67016/_next/static/chunks/02wmul50qf~.k.js?dpl=dpl_9hVx9omuy9RfeTo5kHjRUi1aNuPQ:19:31166
    at async https://frontend-assets.supabase.com/studio/7bd061a67016/_next/static/chunks/02wmul50qf~.k.js?dpl=dpl_9hVx9omuy9RfeTo5kHjRUi1aNuPQ:19:11706 @ https://frontend-assets.supabase.com/studio/7bd061a67016/_next/static/chunks/0s851pjktpv32.js?dpl=dpl_9hVx9omuy9RfeTo5kHjRUi1aNuPQ:12
[ 2824126ms] [ERROR] Failed to load resource: net::ERR_CONNECTION_CLOSED @ https://auth.supabase.io/auth/v1/token?grant_type=refresh_token:0
[ 2824126ms] [ERROR] TypeError: Failed to fetch (auth.supabase.io)
    at https://frontend-assets.supabase.com/studio/7bd061a67016/_next/static/chunks/0s851pjktpv32.js?dpl=dpl_9hVx9omuy9RfeTo5kHjRUi1aNuPQ:13:1799
    at https://ss.supabase.com/4icgbaujh.js?60a389s=aWQ9R1RNLVdDVlJMTU43&page=2:1:670
    at https://ss.supabase.com/4icgbaujh.js?60a389s=aWQ9R1RNLVdDVlJMTU43&page=2:757:632
    at push.U (https://frontend-assets.supabase.com/studio/7bd061a67016/_next/static/chunks/02wmul50qf~.k.js?dpl=dpl_9hVx9omuy9RfeTo5kHjRUi1aNuPQ:6:6093)
    at ea (https://frontend-assets.supabase.com/studio/7bd061a67016/_next/static/chunks/02wmul50qf~.k.js?dpl=dpl_9hVx9omuy9RfeTo5kHjRUi1aNuPQ:6:11438)
    at es (https://frontend-assets.supabase.com/studio/7bd061a67016/_next/static/chunks/02wmul50qf~.k.js?dpl=dpl_9hVx9omuy9RfeTo5kHjRUi1aNuPQ:6:10966)
    at r (https://frontend-assets.supabase.com/studio/7bd061a67016/_next/static/chunks/02wmul50qf~.k.js?dpl=dpl_9hVx9omuy9RfeTo5kHjRUi1aNuPQ:19:24997)
    at async https://frontend-assets.supabase.com/studio/7bd061a67016/_next/static/chunks/02wmul50qf~.k.js?dpl=dpl_9hVx9omuy9RfeTo5kHjRUi1aNuPQ:19:25253 @ https://frontend-assets.supabase.com/studio/7bd061a67016/_next/static/chunks/0s851pjktpv32.js?dpl=dpl_9hVx9omuy9RfeTo5kHjRUi1aNuPQ:12
[ 2834540ms] [ERROR] Failed to load resource: net::ERR_CONNECTION_CLOSED @ https://auth.supabase.io/auth/v1/token?grant_type=refresh_token:0
[ 2834540ms] [ERROR] TypeError: Failed to fetch (auth.supabase.io)
    at https://frontend-assets.supabase.com/studio/7bd061a67016/_next/static/chunks/0s851pjktpv32.js?dpl=dpl_9hVx9omuy9RfeTo5kHjRUi1aNuPQ:13:1799
    at https://ss.supabase.com/4icgbaujh.js?60a389s=aWQ9R1RNLVdDVlJMTU43&page=2:1:670
    at https://ss.supabase.com/4icgbaujh.js?60a389s=aWQ9R1RNLVdDVlJMTU43&page=2:757:632
    at push.U (https://frontend-assets.supabase.com/studio/7bd061a67016/_next/static/chunks/02wmul50qf~.k.js?dpl=dpl_9hVx9omuy9RfeTo5kHjRUi1aNuPQ:6:6093)
    at ea (https://frontend-assets.supabase.com/studio/7bd061a67016/_next/static/chunks/02wmul50qf~.k.js?dpl=dpl_9hVx9omuy9RfeTo5kHjRUi1aNuPQ:6:11438)
    at es (https://frontend-assets.supabase.com/studio/7bd061a67016/_next/static/chunks/02wmul50qf~.k.js?dpl=dpl_9hVx9omuy9RfeTo5kHjRUi1aNuPQ:6:10966)
    at r (https://frontend-assets.supabase.com/studio/7bd061a67016/_next/static/chunks/02wmul50qf~.k.js?dpl=dpl_9hVx9omuy9RfeTo5kHjRUi1aNuPQ:19:24997)
    at async https://frontend-assets.supabase.com/studio/7bd061a67016/_next/static/chunks/02wmul50qf~.k.js?dpl=dpl_9hVx9omuy9RfeTo5kHjRUi1aNuPQ:19:25253 @ https://frontend-assets.supabase.com/studio/7bd061a67016/_next/static/chunks/0s851pjktpv32.js?dpl=dpl_9hVx9omuy9RfeTo5kHjRUi1aNuPQ:12
[ 2844544ms] [ERROR] Failed to load resource: net::ERR_CONNECTION_CLOSED @ https://auth.supabase.io/auth/v1/token?grant_type=refresh_token:0
[ 2844544ms] [ERROR] TypeError: Failed to fetch (auth.supabase.io)
    at https://frontend-assets.supabase.com/studio/7bd061a67016/_next/static/chunks/0s851pjktpv32.js?dpl=dpl_9hVx9omuy9RfeTo5kHjRUi1aNuPQ:13:1799
    at https://ss.supabase.com/4icgbaujh.js?60a389s=aWQ9R1RNLVdDVlJMTU43&page=2:1:670
    at https://ss.supabase.com/4icgbaujh.js?60a389s=aWQ9R1RNLVdDVlJMTU43&page=2:757:632
    at push.U (https://frontend-assets.supabase.com/studio/7bd061a67016/_next/static/chunks/02wmul50qf~.k.js?dpl=dpl_9hVx9omuy9RfeTo5kHjRUi1aNuPQ:6:6093)
    at ea (https://frontend-assets.supabase.com/studio/7bd061a67016/_next/static/chunks/02wmul50qf~.k.js?dpl=dpl_9hVx9omuy9RfeTo5kHjRUi1aNuPQ:6:11438)
    at es (https://frontend-assets.supabase.com/studio/7bd061a67016/_next/static/chunks/02wmul50qf~.k.js?dpl=dpl_9hVx9omuy9RfeTo5kHjRUi1aNuPQ:6:10966)
    at r (https://frontend-assets.supabase.com/studio/7bd061a67016/_next/static/chunks/02wmul50qf~.k.js?dpl=dpl_9hVx9omuy9RfeTo5kHjRUi1aNuPQ:19:24997)
    at https://frontend-assets.supabase.com/studio/7bd061a67016/_next/static/chunks/02wmul50qf~.k.js?dpl=dpl_9hVx9omuy9RfeTo5kHjRUi1aNuPQ:19:25259
    at https://frontend-assets.supabase.com/studio/7bd061a67016/_next/static/chunks/02wmul50qf~.k.js?dpl=dpl_9hVx9omuy9RfeTo5kHjRUi1aNuPQ:19:25336
    at new Promise (<anonymous>)
    at eU._refreshAccessToken (https://frontend-assets.supabase.com/studio/7bd061a67016/_next/static/chunks/02wmul50qf~.k.js?dpl=dpl_9hVx9omuy9RfeTo5kHjRUi1aNuPQ:19:25190)
    at eU._callRefreshToken (https://frontend-assets.supabase.com/studio/7bd061a67016/_next/static/chunks/02wmul50qf~.k.js?dpl=dpl_9hVx9omuy9RfeTo5kHjRUi1aNuPQ:19:27926)
    at eU.__loadSession (https://frontend-assets.supabase.com/studio/7bd061a67016/_next/static/chunks/02wmul50qf~.k.js?dpl=dpl_9hVx9omuy9RfeTo5kHjRUi1aNuPQ:19:14191)
    at async eU._useSession (https://frontend-assets.supabase.com/studio/7bd061a67016/_next/static/chunks/02wmul50qf~.k.js?dpl=dpl_9hVx9omuy9RfeTo5kHjRUi1aNuPQ:19:12392)
    at async https://frontend-assets.supabase.com/studio/7bd061a67016/_next/static/chunks/02wmul50qf~.k.js?dpl=dpl_9hVx9omuy9RfeTo5kHjRUi1aNuPQ:19:31166
    at async https://frontend-assets.supabase.com/studio/7bd061a67016/_next/static/chunks/02wmul50qf~.k.js?dpl=dpl_9hVx9omuy9RfeTo5kHjRUi1aNuPQ:19:11706 @ https://frontend-assets.supabase.com/studio/7bd061a67016/_next/static/chunks/0s851pjktpv32.js?dpl=dpl_9hVx9omuy9RfeTo5kHjRUi1aNuPQ:12
[ 2854753ms] [ERROR] Failed to load resource: net::ERR_CONNECTION_CLOSED @ https://auth.supabase.io/auth/v1/token?grant_type=refresh_token:0
[ 2854753ms] [ERROR] TypeError: Failed to fetch (auth.supabase.io)
    at https://frontend-assets.supabase.com/studio/7bd061a67016/_next/static/chunks/0s851pjktpv32.js?dpl=dpl_9hVx9omuy9RfeTo5kHjRUi1aNuPQ:13:1799
    at https://ss.supabase.com/4icgbaujh.js?60a389s=aWQ9R1RNLVdDVlJMTU43&page=2:1:670
    at https://ss.supabase.com/4icgbaujh.js?60a389s=aWQ9R1RNLVdDVlJMTU43&page=2:757:632
    at push.U (https://frontend-assets.supabase.com/studio/7bd061a67016/_next/static/chunks/02wmul50qf~.k.js?dpl=dpl_9hVx9omuy9RfeTo5kHjRUi1aNuPQ:6:6093)
    at ea (https://frontend-assets.supabase.com/studio/7bd061a67016/_next/static/chunks/02wmul50qf~.k.js?dpl=dpl_9hVx9omuy9RfeTo5kHjRUi1aNuPQ:6:11438)
    at es (https://frontend-assets.supabase.com/studio/7bd061a67016/_next/static/chunks/02wmul50qf~.k.js?dpl=dpl_9hVx9omuy9RfeTo5kHjRUi1aNuPQ:6:10966)
    at r (https://frontend-assets.supabase.com/studio/7bd061a67016/_next/static/chunks/02wmul50qf~.k.js?dpl=dpl_9hVx9omuy9RfeTo5kHjRUi1aNuPQ:19:24997)
    at async https://frontend-assets.supabase.com/studio/7bd061a67016/_next/static/chunks/02wmul50qf~.k.js?dpl=dpl_9hVx9omuy9RfeTo5kHjRUi1aNuPQ:19:25253 @ https://frontend-assets.supabase.com/studio/7bd061a67016/_next/static/chunks/0s851pjktpv32.js?dpl=dpl_9hVx9omuy9RfeTo5kHjRUi1aNuPQ:12
[ 3421745ms] [ERROR] ConfigCat - ERROR - [1103] Unexpected error occurred while trying to fetch config JSON. It is most likely due to a local network issue. Please make sure your application can reach the ConfigCat CDN servers (or your proxy server) over HTTP.
Error: Request failed due to a network or protocol error.
    at new t (https://frontend-assets.supabase.com/studio/7bd061a67016/_next/static/chunks/09tx4mw.bw962.js?dpl=dpl_9hVx9omuy9RfeTo5kHjRUi1aNuPQ:5:42870)
    at s.onerror (https://frontend-assets.supabase.com/studio/7bd061a67016/_next/static/chunks/09tx4mw.bw962.js?dpl=dpl_9hVx9omuy9RfeTo5kHjRUi1aNuPQ:5:102181)
    at XMLHttpRequest.r (https://frontend-assets.supabase.com/studio/7bd061a67016/_next/static/chunks/0s851pjktpv32.js?dpl=dpl_9hVx9omuy9RfeTo5kHjRUi1aNuPQ:10:5015) @ https://frontend-assets.supabase.com/studio/7bd061a67016/_next/static/chunks/0s851pjktpv32.js?dpl=dpl_9hVx9omuy9RfeTo5kHjRUi1aNuPQ:12
[ 3421745ms] [ERROR] Failed to load resource: net::ERR_CONNECTION_CLOSED @ https://configcat.supabase.com/configuration-files/configcat-proxy/frontend-v2/config_v6.json?sdk=ConfigCat-JS/a-9.5.1&ccetag=W%2F%225c2ac902c22f90308920cdf768eff258%22:0
[ 3841743ms] [ERROR] ConfigCat - ERROR - [1103] Unexpected error occurred while trying to fetch config JSON. It is most likely due to a local network issue. Please make sure your application can reach the ConfigCat CDN servers (or your proxy server) over HTTP.
Error: Request failed due to a network or protocol error.
    at new t (https://frontend-assets.supabase.com/studio/7bd061a67016/_next/static/chunks/09tx4mw.bw962.js?dpl=dpl_9hVx9omuy9RfeTo5kHjRUi1aNuPQ:5:42870)
    at s.onerror (https://frontend-assets.supabase.com/studio/7bd061a67016/_next/static/chunks/09tx4mw.bw962.js?dpl=dpl_9hVx9omuy9RfeTo5kHjRUi1aNuPQ:5:102181)
    at XMLHttpRequest.r (https://frontend-assets.supabase.com/studio/7bd061a67016/_next/static/chunks/0s851pjktpv32.js?dpl=dpl_9hVx9omuy9RfeTo5kHjRUi1aNuPQ:10:5015) @ https://frontend-assets.supabase.com/studio/7bd061a67016/_next/static/chunks/0s851pjktpv32.js?dpl=dpl_9hVx9omuy9RfeTo5kHjRUi1aNuPQ:12
[ 3841743ms] [ERROR] Failed to load resource: net::ERR_CONNECTION_CLOSED @ https://configcat.supabase.com/configuration-files/configcat-proxy/frontend-v2/config_v6.json?sdk=ConfigCat-JS/a-9.5.1&ccetag=W%2F%225c2ac902c22f90308920cdf768eff258%22:0
[ 4261752ms] [ERROR] ConfigCat - ERROR - [1103] Unexpected error occurred while trying to fetch config JSON. It is most likely due to a local network issue. Please make sure your application can reach the ConfigCat CDN servers (or your proxy server) over HTTP.
Error: Request failed due to a network or protocol error.
    at new t (https://frontend-assets.supabase.com/studio/7bd061a67016/_next/static/chunks/09tx4mw.bw962.js?dpl=dpl_9hVx9omuy9RfeTo5kHjRUi1aNuPQ:5:42870)
    at s.onerror (https://frontend-assets.supabase.com/studio/7bd061a67016/_next/static/chunks/09tx4mw.bw962.js?dpl=dpl_9hVx9omuy9RfeTo5kHjRUi1aNuPQ:5:102181)
    at XMLHttpRequest.r (https://frontend-assets.supabase.com/studio/7bd061a67016/_next/static/chunks/0s851pjktpv32.js?dpl=dpl_9hVx9omuy9RfeTo5kHjRUi1aNuPQ:10:5015) @ https://frontend-assets.supabase.com/studio/7bd061a67016/_next/static/chunks/0s851pjktpv32.js?dpl=dpl_9hVx9omuy9RfeTo5kHjRUi1aNuPQ:12
[ 4261752ms] [ERROR] Failed to load resource: net::ERR_CONNECTION_CLOSED @ https://configcat.supabase.com/configuration-files/configcat-proxy/frontend-v2/config_v6.json?sdk=ConfigCat-JS/a-9.5.1&ccetag=W%2F%225c2ac902c22f90308920cdf768eff258%22:0
